Workbook

Sheet TD
C2: Tasas de Falla Promedio Anuales
C3: Año | D3: E | E3: FM | F3: I
C4: 2018 | D4: 0.0053619303 | E4: 0.058981233 | F4: 0.93565684
C5: 2019 | D5: 0.034602076 | E5: 0.16608997 | F5: 0.79930796
C6: 2020 | D6: 0.073800738 | E6: 0.17343173 | F6: 0.75276753
C7: 2021 | D7: 0.055555556 | E7: 0.11111111 | F7: 0.83333333
C8: 2022 | D8: 0.062695925 | E8: 0.1661442 | F8: 0.77115987
C10: Tipos de Fallas
C11: E | E11: FM | G11: I | I11: Total Fallas | J11: Total Promedio de Horas
B12: Año | C12: Fallas | D12: Promedio de Horas | E12: Fallas | F12: Promedio de Horas | G12: Fallas | H12: Promedio de Horas
B13: 2018 | C13: 2 | D13: 1.3927778 | E13: 22 | F13: 3.0809848 | G13: 349 | H13: 2.3310928 | I13: 373 | J13: 2.3702912
B14: 2019 | C14: 10 | D14: 0.889 | E14: 48 | F14: 2.6275 | G14: 231 | H14: 2.3590476 | I14: 289 | J14: 2.3527682
B15: 2020 | C15: 20 | D15: 0.764 | E15: 47 | F15: 2.4912766 | G15: 204 | H15: 2.1182353 | I15: 271 | J15: 2.0829889
B16: 2021 | C16: 13 | D16: 0.56692308 | E16: 26 | F16: 3.3019231 | G16: 195 | H16: 2.118359 | I16: 234 | J16: 2.1636752
B17: 2022 | C17: 20 | D17: 0.079 | E17: 53 | F17: 3.0830189 | G17: 246 | H17: 1.9105285 | I17: 319 | J17: 1.9905016
B18: 2023 | C18: 31 | D18: 0.23870968 | E18: 88 | F18: 38.132727 | G18: 164 | H18: 1.8744512 | I18: 283 | J18: 12.969929
B19: 2024 | C19: 44 | D19: 0.63022727 | E19: 69 | F19: 4.5528986 | G19: 151 | H19: 2.5869536 | I19: 264 | J19: 2.7746591
B20: 2025 | C20: 46 | D20: 2.3445652 | E20: 62 | F20: 2.515 | G20: 81 | H20: 2.1812346 | I20: 189 | J20: 2.3304762
B21: Total general | C21: 186 | D21: 0.9617503 | E21: 415 | F21: 10.568679 | G21: 1621 | H21: 2.18902 | I21: 2222 | J21: 3.651345
E23: =COUNTIF(Tabla1[Calificación], "=FM") -> 415
C26: Alimentador
C27: 2 | D27: Morza
C28: 6 | D28: Zapallar
C29: 7 | D29: Los Niches
C30: 8 | D30: Industrial
C31: 9 | D31: Los Queñes
C32: 10 | D32: La Laguna
C33: 11 | D33: La Obra

Sheet matriz de diagnostico
A3: Cuenta de INC | B3: Etiquetas de columna
A4: Etiquetas de fila | B4: 2018 | C4: 2019 | D4: 2020 | E4: 2021 | F4: 2022 | G4: 2023 | H4: 2024 | I4: 2025 | J4: Total general
A5: 1 | B5: 1 | C5: 9 | D5: 2 | F5: 9 | G5: 3 | H5: 4 | J5: 28
A6: 2 | D6: 13 | G6: 1 | J6: 14
A7: 3 | C7: 5 | D7: 5 | F7: 6 | G7: 5 | J7: 21
A8: 4 | B8: 2 | C8: 7 | D8: 16 | E8: 22 | F8: 22 | G8: 20 | H8: 52 | I8: 9 | J8: 150
A9: 5 | B9: 5 | C9: 40 | D9: 46 | E9: 43 | F9: 55 | G9: 46 | H9: 48 | I9: 22 | J9: 305
A10: 6 | G10: 15 | J10: 15
A11: 8 | C11: 4 | D11: 2 | E11: 8 | F11: 8 | G11: 8 | H11: 13 | I11: 7 | J11: 50
A12: 9 | D12: 1 | E12: 1 | G12: 2 | J12: 4
A13: 10 | C13: 1 | D13: 2 | F13: 1 | H13: 2 | J13: 6
A14: 11 | C14: 8 | D14: 7 | E14: 1 | F14: 7 | G14: 6 | H14: 8 | I14: 3 | J14: 40
A15: 12 | G15: 30 | J15: 30
A16: 13 | C16: 7 | D16: 5 | E16: 8 | F16: 7 | H16: 4 | J16: 31
A17: 15 | C17: 3 | J17: 3
A18: 16 | B18: 1 | I18: 5 | J18: 6
A19: 17 | C19: 2 | D19: 3 | E19: 5 | F19: 3 | G19: 3 | H19: 2 | I19: 1 | J19: 19
A20: 18 | C20: 5 | D20: 3 | F20: 1 | G20: 1 | I20: 9 | J20: 19
A21: 19 | C21: 10 | D21: 1 | G21: 2 | J21: 13
A22: 20 | B22: 4 | C22: 33 | D22: 32 | E22: 25 | F22: 45 | G22: 35 | H22: 37 | I22: 43 | J22: 254
A23: 21 | B23: 1 | C23: 1 | D23: 6 | E23: 1 | F23: 3 | G23: 4 | I23: 1 | J23: 17
A24: 22 | D24: 2 | E24: 1 | G24: 1 | J24: 4
A25: 23 | B25: 5 | C25: 31 | D25: 20 | E25: 25 | F25: 3 | G25: 1 | J25: 85
A26: 24 | F26: 8 | G26: 3 | H26: 1 | J26: 12
A27: 25 | C27: 18 | D27: 12 | E27: 8 | F27: 12 | G27: 3 | H27: 3 | I27: 8 | J27: 64
A28: 26 | B28: 5 | C28: 38 | D28: 24 | E28: 38 | F28: 39 | G28: 42 | H28: 20 | I28: 14 | J28: 220
A29: 28 | C29: 4 | E29: 3 | F29: 14 | G29: 2 | H29: 2 | J29: 25
A30: 29 | B30: 2 | C30: 16 | E30: 1 | F30: 3 | G30: 1 | I30: 1 | J30: 24
A31: 30 | B31: 1 | C31: 27 | D31: 47 | E31: 23 | F31: 52 | G31: 17 | H31: 23 | I31: 19 | J31: 209
A32: 31 | B32: 1 | C32: 7 | D32: 2 | E32: 8 | F32: 1 | G32: 1 | H32: 1 | I32: 1 | J32: 22
A33: 32 | C33: 9 | D33: 14 | E33: 12 | F33: 20 | G33: 22 | H33: 37 | I33: 46 | J33: 160
A34: 33 | B34: 2 | C34: 4 | D34: 6 | E34: 1 | G34: 9 | H34: 7 | J34: 29
A35: 1101 | B35: 23 | J35: 23
A36: 1105 | B36: 4 | J36: 4
A37: 1106 | B37: 4 | J37: 4
A38: 1402 | B38: 5 | J38: 5
A39: 1501 | B39: 1 | J39: 1
A40: 1502 | B40: 2 | J40: 2
A41: 1601 | B41: 12 | J41: 12
A42: 1602 | B42: 3 | J42: 3
A43: 1605 | B43: 4 | J43: 4
A44: 1701 | B44: 2 | J44: 2
A45: 1801 | B45: 16 | J45: 16
A46: 1802 | B46: 70 | J46: 70
... A67: 2701 | B67: 12 | J67: 12
A68: Total general | B68: 373 | C68: 289 | D68: 271 | E68: 234 | F68: 319 | G68: 283 | H68: 264 | I68: 189 | J68: 2222

Sheet faltas de coordenadas
A3: Etiquetas de fila | B3: Promedio de Falta_coordenada
A4: 2 | B4: 0.43287671
A5: 6 | B5: 0.22159091
A6: 7 | B6: 0.29847909
A7: 8 | B7: 0.45810056
A8: 9 | B8: 0.21875
A9: 10 | B9: 0.52469136
A10: 11 | B10: 1
A11: Total general | B11: 0.33123312

Sheet BD
B2: INC | C2: Alimentador | D2: Trafos afectados | E2: KVA | F2: Clientes | G2: Inicio | H2: Fin | I2: Duracion | J2: Causa | K2: Calificación | L2: Comuna id | M2: Comuna | N2: Tension | O2: X | P2: Y | Q2: Descripcion | R2: Validacion_Taxonomia | S2: año | T2: Falta_coordenada
B3: 201800001 | C3: 9 | D3: 1 | E3: 15 | F3: 9 | G3: 43105.749 | H3: 43105.938 | I3: 4.5333333 | J3: 1801 | K3: I | L3: 7308 | M3: Teno | N3: MT | O3: 315569.53 | P3: 6136152.3 | Q3: Se abre DTE5542 | R3: =IF(ISNUMBER(MATCH(J3, Causas!B:B, 0)), "Taxonomía Nueva", IF(ISNUMBER(MATCH(J3, 'Causas 1'!B:B, 0)), "Taxonomía Antigua", "HUÉRFANO")) -> Taxonomía Antigua | S3: =YEAR(G3) -> 2018 | T3: =IF(OR(ISBLANK(O2), O2=0, O2="", ISBLANK(P2), P2=0, P2=""), 1, 0) -> 0
B4: 201800002 | C4: 8 | D4: 2 | E4: 33 | F4: 3 | G4: 43106.813 | H4: 43106.861 | I4: 1.15 | J4: 1802 | K4: I | L4: 7301 | M4: Curicó | N4: MT | O4: 302667.64 | P4: 6126660.1 | Q4: Se abre DCU3836 | R4: =IF(ISNUMBER(MATCH(J4, Causas!B:B, 0)), "Taxonomía Nueva", IF(ISNUMBER(MATCH(J4, 'Causas 1'!B:B, 0)), "Taxonomía Antigua", "HUÉRFANO")) -> Taxonomía Antigua | S4: =YEAR(G4) -> 2018 | T4: =IF(OR(ISBLANK(O3), O3=0, O3="", ISBLANK(P3), P3=0, P3=""), 1, 0) -> 0
B5: 201800003 | C5: 6 | D5: 3 | E5: 45 | F5: 58 | G5: 43109.599 | H5: 43109.682 | I5: 2 | J5: 2701 | K5: I | L5: 7301 | M5: Curicó | N5: MT | O5: 301623.15 | P5: 6119323.9 | Q5: Se abre DCU5308 | R5: =IF(ISNUMBER(MATCH(J5, Causas!B:B, 0)), "Taxonomía Nueva", IF(ISNUMBER(MATCH(J5, 'Causas 1'!B:B, 0)), "Taxonomía Antigua", "HUÉRFANO")) -> Taxonomía Antigua | S5: =YEAR(G5) -> 2018 | T5: =IF(OR(ISBLANK(O4), O4=0, O4="", ISBLANK(P4), P4=0, P4=""), 1, 0) -> 0
B6: 201800004 | C6: 2 | D6: 4 | E6: 845 | F6: 4 | G6: 43110.43 | H6: 43110.49 | I6: 1.4333333 | J6: 2304 | K6: I | L6: 7308 | M6: Teno | N6: MT | O6: 315907.44 | P6: 6141073 | Q6: Se abre DTE5279 | R6: =IF(ISNUMBER(MATCH(J6, Causas!B:B, 0)), "Taxonomía Nueva", IF(ISNUMBER(MATCH(J6, 'Causas 1'!B:B, 0)), "Taxonomía Antigua", "HUÉRFANO")) -> Taxonomía Antigua | S6: =YEAR(G6) -> 2018 | T6: =IF(OR(ISBLANK(O5), O5=0, O5="", ISBLANK(P5), P5=0, P5=""), 1, 0) -> 0
B7: 201800005 | C7: 6 | D7: 3 | E7: 45 | F7: 58 | G7: 43110.49 | H7: 43110.562 | I7: 1.75 | J7: 2701 | K7: I | L7: 7301 | M7: Curicó | N7: MT | O7: 302172.31 | P7: 6119390.1 | Q7: Se abre DCU5308 | R7: =IF(ISNUMBER(MATCH(J7, Causas!B:B, 0)), "Taxonomía Nueva", IF(ISNUMBER(MATCH(J7, 'Causas 1'!B:B, 0)), "Taxonomía Antigua", "HUÉRFANO")) -> Taxonomía Antigua | S7: =YEAR(G7) -> 2018 | T7: =IF(OR(ISBLANK(O6), O6=0, O6="", ISBLANK(P6), P6=0, P6=""), 1, 0) -> 0
B8: 201800006 | C8: 9 | D8: 12 | E8: 233 | F8: 162 | G8: 43110.853 | H8: 43110.927 | I8: 1.7833333 | J8: 1601 | K8: FM | L8: 7308 | M8: Teno | N8: MT | O8: 315339.11 | P8: 6133419.6 | Q8: Se abre DTE4513 | R8: =IF(ISNUMBER(MATCH(J8, Causas!B:B, 0)), "Taxonomía Nueva", IF(ISNUMBER(MATCH(J8, 'Causas 1'!B:B, 0)), "Taxonomía Antigua", "HUÉRFANO")) -> Taxonomía Antigua | S8: =YEAR(G8) -> 2018 | T8: =IF(OR(ISBLANK(O7), O7=0, O7="", ISBLANK(P7), P7=0, P7=""), 1, 0) -> 0
B9: 201800007 | C9: 9 | D9: 18 | E9: 885 | F9: 259 | G9: 43112.047 | H9: 43112.108 | I9: 1.45 | J9: 2203 | K9: I | L9: 7308 | M9: Teno | N9: MT | O9: 309703.45 | P9: 6139415.3 | Q9: Se abre DTE2705 | R9: =IF(ISNUMBER(MATCH(J9, Causas!B:B, 0)), "Taxonomía Nueva", IF(ISNUMBER(MATCH(J9, 'Causas 1'!B:B, 0)), "Taxonomía Antigua", "HUÉRFANO")) -> Taxonomía Antigua | S9: =YEAR(G9) -> 2018 | T9: =IF(OR(ISBLANK(O8), O8=0, O8="", ISBLANK(P8), P8=0, P8=""), 1, 0) -> 0
B10: 201800008 | C10: 2 | D10: 2 | E10: 55 | F10: 2 | G10: 43112.681 | H10: 43112.761 | I10: 1.9333333 | J10: 1101 | K10: I | L10: 7308 | M10: Teno | N10: MT | O10: 312406.85 | P10: 6146516.5 | Q10: Se abre DTE3604 | R10: =IF(ISNUMBER(MATCH(J10, Causas!B:B, 0)), "Taxonomía Nueva", IF(ISNUMBER(MATCH(J10, 'Causas 1'!B:B, 0)), "Taxonomía Antigua", "HUÉRFANO")) -> Taxonomía Antigua | S10: =YEAR(G10) -> 2018 | T10: =IF(OR(ISBLANK(O9), O9=0, O9="", ISBLANK(P9), P9=0, P9=""), 1, 0) -> 0
B11: 201800009 | C11: 9 | D11: 3 | E11: 35 | F11: 5 | G11: 43113.81 | H11: 43113.854 | I11: 1.0666667 | J11: 2304 | K11: I | L11: 7306 | M11: Romeral | N11: MT | O11: 332076.59 | P11: 6124788.9 | Q11: Se abre DTE4889 | R11: =IF(ISNUMBER(MATCH(J11, Causas!B:B, 0)), "Taxonomía Nueva", IF(ISNUMBER(MATCH(J11, 'Causas 1'!B:B, 0)), "Taxonomía Antigua", "HUÉRFANO")) -> Taxonomía Antigua | S11: =YEAR(G11) -> 2018 | T11: =IF(OR(ISBLANK(O10), O10=0, O10="", ISBLANK(P10), P10=0, P10=""), 1, 0) -> 0
B12: 201800010 | C12: 7 | D12: 6 | E12: 245 | F12: 5 | G12: 43120.727 | H12: 43120.868 | I12: 3.3833333 | J12: 2401 | K12: I | L12: 7301 | M12: Curicó | N12: MT | O12: 313674.33 | P12: 6115521.8 | Q12: Se abre DCU2062 | R12: =IF(ISNUMBER(MATCH(J12, Causas!B:B, 0)), "Taxonomía Nueva", IF(ISNUMBER(MATCH(J12, 'Causas 1'!B:B, 0)), "Taxonomía Antigua", "HUÉRFANO")) -> Taxonomía Antigua | S12: =YEAR(G12) -> 2018 | T12: =IF(OR(ISBLANK(O11), O11=0, O11="", ISBLANK(P11), P11=0, P11=""), 1, 0) -> 0
B13: 201800011 | C13: 6 | D13: 1 | E13: 25 | F13: 47 | G13: 43121.89 | H13: 43121.938 | I13: 1.1333333 | J13: 1701 | K13: FM | L13: 7301 | M13: Curicó | N13: MT | O13: 298723.92 | P13: 6115497.1 | Q13: Se abre DCU3293 | R13: =IF(ISNUMBER(MATCH(J13, Causas!B:B, 0)), "Taxonomía Nueva", IF(ISNUMBER(MATCH(J13, 'Causas 1'!B:B, 0)), "Taxonomía Antigua", "HUÉRFANO")) -> Taxonomía Antigua | S13: =YEAR(G13) -> 2018 | T13: =IF(OR(ISBLANK(O12), O12=0, O12="", ISBLANK(P12), P12=0, P12=""), 1, 0) -> 0
B14: 201800012 | C14: 2 | D14: 5 | E14: 140 | F14: 41 | G14: 43124.785 | H14: 43124.865 | I14: 1.9166667 | J14: 1402 | K14: I | L14: 6303 | M14: Chimbarongo | N14: MT | O14: 311895.56 | P14: 6147369.9 | Q14: Se abre DTE4152 | R14: =IF(ISNUMBER(MATCH(J14, Causas!B:B, 0)), "Taxonomía Nueva", IF(ISNUMBER(MATCH(J14, 'Causas 1'!B:B, 0)), "Taxonomía Antigua", "HUÉRFANO")) -> Taxonomía Antigua | S14: =YEAR(G14) -> 2018 | T14: =IF(OR(ISBLANK(O13), O13=0, O13="", ISBLANK(P13), P13=0, P13=""), 1, 0) -> 0
... B596: 201901120 | C596: 9 | D596: 1 | E596: 5 | F596: 2 | G596: 43700.556 | H596: 43700.642 | I596: 2.08 | J596: 30 | K596: I | L596: 7308 | M596: Teno | N596: MT | O596: 320357.93 | P596: 6129411.8 | Q596: dte507 operado en mt fusible de 2st opera por fatiga de material dte507 operado en MT | R596: =IF(ISNUMBER(MATCH(J596, Causas!B:B, 0)), "Taxonomía Nueva", IF(ISNUMBER(MATCH(J596, 'Causas 1'!B:B, 0)), "Taxonomía Antigua", "HUÉRFANO")) -> Taxonomía Nueva | S596: =YEAR(G596) -> 2019 | T596: =IF(OR(ISBLANK(O595), O595=0, O595="", ISBLANK(P595), P595=0, P595=""), 1, 0) -> 0
B597: 201901125 | C597: 6 | D597: 162 | E597: 12948 | F597: 1470 | G597: 43702.42 | H597: 43702.663 | I597: 5.83 | J597: 25 | K597: I | L597: 7301 | M597: Curicó | N597: MT | O597: 2965450,43 | P597: 6125519,556 | Q597: DESCONEXION PROGRAMADA CAMBIO DE CONDUCTOR DESNUDO A PROTEGIDO. SE INSTALA GENERACION DE RESPALDO. | R597: =IF(ISNUMBER(MATCH(J597, Causas!B:B, 0)), "Taxonomía Nueva", IF(ISNUMBER(MATCH(J597, 'Causas 1'!B:B, 0)), "Taxonomía Antigua", "HUÉRFANO")) -> Taxonomía Nueva | S597: =YEAR(G597) -> 2019 | T597: =IF(OR(ISBLANK(O596), O596=0, O596="", ISBLANK(P596), P596=0, P596=""), 1, 0) -> 0
B598: 201901125 | C598: 6 | D598: 193 | E598: 18341.5 | F598: 2686 | G598: 43702.42 | H598: 43702.66 | I598: 5.75 | J598: 25 | K598: I | L598: 7301 | M598: Curicó | N598: MT | O598: 2965450,43 | P598: 6125519,556 | Q598: DESCONEXION PROGRAMADA CAMBIO DE CONDUCTOR DESNUDO A PROTEGIDO. SE INSTALA GENERACION DE RESPALDO. | R598: =IF(ISNUMBER(MATCH(J598, Causas!B:B, 0)), "Taxonomía Nueva", IF(ISNUMBER(MATCH(J598, 'Causas 1'!B:B, 0)), "Taxonomía Antigua", "HUÉRFANO")) -> Taxonomía Nueva | S598: =YEAR(G598) -> 2019 | T598: =IF(OR(ISBLANK(O597), O597=0, O597="", ISBLANK(P597), P597=0, P597=""), 1, 0) -> 0
B599: 201901136 | C599: 9 | D599: 10 | E599: 255 | F599: 113 | G599: 43706.418 | H599: 43706.646 | I599: 5.47 | J599: 25 | K599: I | L599: 7308 | M599: Teno | N599: MT | O599: 320325.24 | P599: 6129429.9 | Q599: DESCONEXION PROGRAMADA SECTOR LA ALAGUNA | R599: =IF(ISNUMBER(MATCH(J599, Causas!B:B, 0)), "Taxonomía Nueva", IF(ISNUMBER(MATCH(J599, 'Causas 1'!B:B, 0)), "Taxonomía Antigua", "HUÉRFANO")) -> Taxonomía Nueva | S599: =YEAR(G599) -> 2019 | T599: =IF(OR(ISBLANK(O598), O598=0, O598="", ISBLANK(P598), P598=0, P598=""), 1, 0) -> 0
B600: 201901144 | C600: 7 | D600: 0 | E600: 0 | F600: 20 | G600: 43709.599 | H600: 43709.685 | I600: 2.05 | J600: 30 | K600: I | L600: 7301 | M600: Curicó | N600: BT | O600: 308953.17 | P600: 6104672.3 | Q600: porta fusible tipo cabana fundido en sed 073 | R600: =IF(ISNUMBER(MATCH(J600, Causas!B:B, 0)), "Taxonomía Nueva", IF(ISNUMBER(MATCH(J600, 'Causas 1'!B:B, 0)), "Taxonomía Antigua", "HUÉRFANO")) -> Taxonomía Nueva | S600: =YEAR(G600) -> 2019 | T600: =IF(OR(ISBLANK(O599), O599=0, O599="", ISBLANK(P599), P599=0, P599=""), 1, 0) -> 0
B601: 201901150 | C601: 2 | D601: 0 | E601: 0 | F601: 14 | G601: 43711.793 | H601: 43711.88 | I601: 2.08 | J601: 26 | K601: I | L601: 7308 | M601: Teno | N601: BT | O601: 314897.02 | P601: 6138960.8 | Q601: se 397 operada en bt por cable en cosi por incendio de leña se repara quedando sector con energia | R601: =IF(ISNUMBER(MATCH(J601, Causas!B:B, 0)), "Taxonomía Nueva", IF(ISNUMBER(MATCH(J601, 'Causas 1'!B:B, 0)), "Taxonomía Antigua", "HUÉRFANO")) -> Taxonomía Nueva | S601: =YEAR(G601) -> 2019 | T601: =IF(OR(ISBLANK(O600), O600=0, O600="", ISBLANK(P600), P600=0, P600=""), 1, 0) -> 0
B602: 201901153 | C602: 9 | D602: 2 | E602: 575 | F602: 50 | G602: 43712.652 | H602: 43712.733 | I602: 1.94 | J602: 3 | K602: FM | L602: 7308 | M602: Teno | N602: MT | O602: 307466.61 | P602: 6142383.4 | Q602: dte3462 operan protecciones mt 20t, producto de líneas cortadas en te 6721 y 6722 , x quema de pastizales no autorizada 3ros , se repara y se normaliza quedando servicio normal en el sector | R602: =IF(ISNUMBER(MATCH(J602, Causas!B:B, 0)), "Taxonomía Nueva", IF(ISNUMBER(MATCH(J602, 'Causas 1'!B:B, 0)), "Taxonomía Antigua", "HUÉRFANO")) -> Taxonomía Nueva | S602: =YEAR(G602) -> 2019 | T602: =IF(OR(ISBLANK(O601), O601=0, O601="", ISBLANK(P601), P601=0, P601=""), 1, 0) -> 0
B603: 201901153 | C603: 9 | D603: 4 | E603: 170 | F603: 53 | G603: 43712.652 | H603: 43712.818 | I603: 3.98 | J603: 3 | K603: FM | L603: 7308 | M603: Teno | N603: MT | O603: 307466.61 | P603: 6142383.4 | Q603: dte3462 operan protecciones mt 20t, producto de líneas cortadas en te 6721 y 6722 , x quema de pastizales no autorizada 3ros , se repara y se normaliza quedando servicio normal en el sector | R603: =IF(ISNUMBER(MATCH(J603, Causas!B:B, 0)), "Taxonomía Nueva", IF(ISNUMBER(MATCH(J603, 'Causas 1'!B:B, 0)), "Taxonomía Antigua", "HUÉRFANO")) -> Taxonomía Nueva | S603: =YEAR(G603) -> 2019 | T603: =IF(OR(ISBLANK(O602), O602=0, O602="", ISBLANK(P602), P602=0, P602=""), 1, 0) -> 0
B604: 201901158 | C604: 9 | D604: 0 | E604: 0 | F604: 13 | G604: 43713.774 | H604: 43713.85 | I604: 1.8 | J604: 30 | K604: I | L604: 7308 | M604: Teno | N604: BT | O604: 306868.28 | P604: 6139338.6 | Q604: sector sin energía se506 operada en mt por alumbrado en cosi provocado por incendio,este se deja afuera quedando sector con energia | R604: =IF(ISNUMBER(MATCH(J604, Causas!B:B, 0)), "Taxonomía Nueva", IF(ISNUMBER(MATCH(J604, 'Causas 1'!B:B, 0)), "Taxonomía Antigua", "HUÉRFANO")) -> Taxonomía Nueva | S604: =YEAR(G604) -> 2019 | T604: =IF(OR(ISBLANK(O603), O603=0, O603="", ISBLANK(P603), P603=0, P603=""), 1, 0) -> 0
B605: 201901171 | C605: 6 | D605: 271 | E605: 22137.5 | F605: 3444 | G605: 43714.649 | H605: 43714.685 | I605: 0.85 | J605: 20 | K605: FM | L605: 7301 | M605: Curicó | N605: MT | O605: 296508.33 | P605: 6125585.8 | Q605: Choque de Vehiculo a tirante provoca daida de cuchilla solida | R605: =IF(ISNUMBER(MATCH(J605, Causas!B:B, 0)), "Taxonomía Nueva", IF(ISNUMBER(MATCH(J605, 'Causas 1'!B:B, 0)), "Taxonomía Antigua", "HUÉRFANO")) -> Taxonomía Nueva | S605: =YEAR(G605) -> 2019 | T605: =IF(OR(ISBLANK(O604), O604=0, O604="", ISBLANK(P604), P604=0, P604=""), 1, 0) -> 0
B606: 201901197 | C606: 7 | D606: 0 | E606: 0 | F606: 3 | G606: 43718.722 | H606: 43718.801 | I606: 1.89 | J606: 26 | K606: I | L606: 7301 | M606: Curicó | N606: BT | O606: 304259.1 | P606: 6113439.6 | Q606: sed 60 operada en bt fase 2y3 fusible de 40 a hyh opera por coci en cuenta 81 asociada a falla anterior | R606: =IF(ISNUMBER(MATCH(J606, Causas!B:B, 0)), "Taxonomía Nueva", IF(ISNUMBER(MATCH(J606, 'Causas 1'!B:B, 0)), "Taxonomía Antigua", "HUÉRFANO")) -> Taxonomía Nueva | S606: =YEAR(G606) -> 2019 | T606: =IF(OR(ISBLANK(O605), O605=0, O605="", ISBLANK(P605), P605=0, P605=""), 1, 0) -> 0
B607: 201901201 | C607: 9 | D607: 5 | E607: 250 | F607: 70 | G607: 43718.921 | H607: 43718.943 | I607: 0.52 | J607: 30 | K607: I | L607: 7308 | M607: Teno | N607: MT | O607: 309335.52 | P607: 6139238.4 | Q607: se encuentra prensa cortada en base puente de red mt cortado en dte 227 | R607: =IF(ISNUMBER(MATCH(J607, Causas!B:B, 0)), "Taxonomía Nueva", IF(ISNUMBER(MATCH(J607, 'Causas 1'!B:B, 0)), "Taxonomía Antigua", "HUÉRFANO")) -> Taxonomía Nueva | S607: =YEAR(G607) -> 2019 | T607: =IF(OR(ISBLANK(O606), O606=0, O606="", ISBLANK(P606), P606=0, P606=""), 1, 0) -> 0
B608: 201901201 | C608: 9 | D608: 13 | E608: 665 | F608: 199 | G608: 43718.921 | H608: 43718.945 | I608: 0.56 | J608: 30 | K608: I | L608: 7308 | M608: Teno | N608: MT | O608: 309335.52 | P608: 6139238.4 | Q608: se encuentra prensa cortada en base puente de red mt cortado en dte 227 | R608: =IF(ISNUMBER(MATCH(J608, Causas!B:B, 0)), "Taxonomía Nueva", IF(ISNUMBER(MATCH(J608, 'Causas 1'!B:B, 0)), "Taxonomía Antigua", "HUÉRFANO")) -> Taxonomía Nueva | S608: =YEAR(G608) -> 2019 | T608: =IF(OR(ISBLANK(O607), O607=0, O607="", ISBLANK(P607), P607=0, P607=""), 1, 0) -> 0
B609: 201901211 | C609: 2 | D609: 3 | E609: 25 | F609: 42 | G609: 43722.399 | H609: 43722.448 | I609: 1.16 | J609: 5 | K609: I | L609: 6303 | M609: Chimbarongo | N609: MT | O609: 311786.19 | P609: 6147372 | Q609: dte 4152 opera 2 fus mt 10t , x falla en el dte 4674 caída de gancho de álamo a la red , red sin daño se normaliza quedando servicio normal | R609: =IF(ISNUMBER(MATCH(J609, Causas!B:B, 0)), "Taxonomía Nueva", IF(ISNUMBER(MATCH(J609, 'Causas 1'!B:B, 0)), "Taxonomía Antigua", "HUÉRFANO")) -> Taxonomía Nueva | S609: =YEAR(G609) -> 2019 | T609: =IF(OR(ISBLANK(O608), O608=0, O608="", ISBLANK(P608), P608=0, P608=""), 1, 0) -> 0
B610: 201901211 | C610: 2 | D610: 2 | E610: 115 | F610: 4 | G610: 43722.399 | H610: 43722.477 | I610: 1.86 | J610: 5 | K610: I | L610: 6303 | M610: Chimbarongo | N610: MT | O610: 311244.28 | P610: 6146498.8 | Q610: dte 4152 opera 2 fus mt 10t , x falla en el dte 4674 caída de gancho de álamo a la red , red sin daño se normaliza quedando servicio normal | R610: =IF(ISNUMBER(MATCH(J610, Causas!B:B, 0)), "Taxonomía Nueva", IF(ISNUMBER(MATCH(J610, 'Causas 1'!B:B, 0)), "Taxonomía Antigua", "HUÉRFANO")) -> Taxonomía Nueva | S610: =YEAR(G610) -> 2019 | T610: =IF(OR(ISBLANK(O609), O609=0, O609="", ISBLANK(P609), P609=0, P609=""), 1, 0) -> 0
... B779: 202000748 | C779: 6 | D779: 0 | E779: 0 | F779: 21 | G779: 43993.898 | H779: 43994.145 | I779: 5.92 | J779: 2 | K779: I | L779: 7301 | M779: Curicó | N779: BT | O779: 303544.44 | P779: 6123303.6 | Q779: zapallar - fusible bt operador por ramas de aucalitus en SED | R779: =IF(ISNUMBER(MATCH(J779, Causas!B:B, 0)), "Taxonomía Nueva", IF(ISNUMBER(MATCH(J779, 'Causas 1'!B:B, 0)), "Taxonomía Antigua", "HUÉRFANO")) -> Taxonomía Nueva | S779: =YEAR(G779) -> 2020 | T779: =IF(OR(ISBLANK(O778), O778=0, O778="", ISBLANK(P778), P778=0, P778=""), 1, 0) -> 0
B780: 202000751 | C780: 6 | D780: 31 | E780: 1245 | F780: 431 | G780: 43994.334 | H780: 43994.466 | I780: 3.17 | J780: 5 | K780: I | L780: 7301 | M780: Curicó | N780: MT | O780: 2966733,75 | P780: 6119694,800 | Q780: El Maiten- Fusibles quemado dejando sector sin energia por caida de ramas en LMT | R780: =IF(ISNUMBER(MATCH(J780, Causas!B:B, 0)), "Taxonomía Nueva", IF(ISNUMBER(MATCH(J780, 'Causas 1'!B:B, 0)), "Taxonomía Antigua", "HUÉRFANO")) -> Taxonomía Nueva | S780: =YEAR(G780) -> 2020 | T780: =IF(OR(ISBLANK(O779), O779=0, O779="", ISBLANK(P779), P779=0, P779=""), 1, 0) -> 0
B781: 202000759 | C781: 9 | D781: 2 | E781: 15 | F781: 12 | G781: 43994.379 | H781: 43994.477 | I781: 2.34 | J781: 5 | K781: I | L781: 7308 | M781: Teno | N781: MT | O781: 318953.66 | P781: 6130818.1 | Q781: La Laguna - Caida de rama sobre linea de media tension proboca operacion de equipo | R781: =IF(ISNUMBER(MATCH(J781, Causas!B:B, 0)), "Taxonomía Nueva", IF(ISNUMBER(MATCH(J781, 'Causas 1'!B:B, 0)), "Taxonomía Antigua", "HUÉRFANO")) -> Taxonomía Nueva | S781: =YEAR(G781) -> 2020 | T781: =IF(OR(ISBLANK(O780), O780=0, O780="", ISBLANK(P780), P780=0, P780=""), 1, 0) -> 0
B782: 202000761 | C782: 7 | D782: 1 | E782: 75 | F782: 66 | G782: 43994.385 | H782: 43994.54 | I782: 3.72 | J782: 5 | K782: I | L782: 7301 | M782: Curicó | N782: MT | O782: 303635.81 | P782: 6110640.7 | Q782: Cordillerilla - Ramas rozando lineas de media tension. | R782: =IF(ISNUMBER(MATCH(J782, Causas!B:B, 0)), "Taxonomía Nueva", IF(ISNUMBER(MATCH(J782, 'Causas 1'!B:B, 0)), "Taxonomía Antigua", "HUÉRFANO")) -> Taxonomía Nueva | S782: =YEAR(G782) -> 2020 | T782: =IF(OR(ISBLANK(O781), O781=0, O781="", ISBLANK(P781), P781=0, P781=""), 1, 0) -> 0
B783: 202000762 | C783: 7 | D783: 1 | E783: 10 | F783: 2 | G783: 43994.402 | H783: 43994.687 | I783: 6.84 | J783: 2 | K783: I | L783: 7301 | M783: Curicó | N783: MT | O783: 314667.82 | P783: 6111544.2 | Q783: Upeo- fuete viento provoca caida de ramas y opera nh de S/E | R783: =IF(ISNUMBER(MATCH(J783, Causas!B:B, 0)), "Taxonomía Nueva", IF(ISNUMBER(MATCH(J783, 'Causas 1'!B:B, 0)), "Taxonomía Antigua", "HUÉRFANO")) -> Taxonomía Nueva | S783: =YEAR(G783) -> 2020 | T783: =IF(OR(ISBLANK(O782), O782=0, O782="", ISBLANK(P782), P782=0, P782=""), 1, 0) -> 0
B784: 202000762 | C784: 7 | D784: 1 | E784: 25 | F784: 17 | G784: 43994.405 | H784: 43994.638 | I784: 5.59 | J784: 2 | K784: I | L784: 7301 | M784: Curicó | N784: MT | O784: 312797.96 | P784: 6108227.6 | Q784: Upeo- fuete viento provoca caida de ramas y opera nh de S/E | R784: =IF(ISNUMBER(MATCH(J784, Causas!B:B, 0)), "Taxonomía Nueva", IF(ISNUMBER(MATCH(J784, 'Causas 1'!B:B, 0)), "Taxonomía Antigua", "HUÉRFANO")) -> Taxonomía Nueva | S784: =YEAR(G784) -> 2020 | T784: =IF(OR(ISBLANK(O783), O783=0, O783="", ISBLANK(P783), P783=0, P783=""), 1, 0) -> 0
B785: 202000762 | C785: 7 | D785: 10 | E785: 95 | F785: 59 | G785: 43994.534 | H785: 43994.54 | I785: 0.16 | J785: 2 | K785: I | L785: 7301 | M785: Curicó | N785: MT | O785: 315641.94 | P785: 6112466.3 | Q785: Upeo- fuete viento provoca caida de ramas y opera nh de S/E | R785: =IF(ISNUMBER(MATCH(J785, Causas!B:B, 0)), "Taxonomía Nueva", IF(ISNUMBER(MATCH(J785, 'Causas 1'!B:B, 0)), "Taxonomía Antigua", "HUÉRFANO")) -> Taxonomía Nueva | S785: =YEAR(G785) -> 2020 | T785: =IF(OR(ISBLANK(O784), O784=0, O784="", ISBLANK(P784), P784=0, P784=""), 1, 0) -> 0
B786: 202000764 | C786: 7 | D786: 2 | E786: 30 | F786: 17 | G786: 43994.421 | H786: 43994.643 | I786: 5.34 | J786: 5 | K786: I | L786: 7301 | M786: Curicó | N786: MT | O786: 311053.25 | P786: 6114314.3 | Q786: Los niches - ramas sobre linea de media tension. | R786: =IF(ISNUMBER(MATCH(J786, Causas!B:B, 0)), "Taxonomía Nueva", IF(ISNUMBER(MATCH(J786, 'Causas 1'!B:B, 0)), "Taxonomía Antigua", "HUÉRFANO")) -> Taxonomía Nueva | S786: =YEAR(G786) -> 2020 | T786: =IF(OR(ISBLANK(O785), O785=0, O785="", ISBLANK(P785), P785=0, P785=""), 1, 0) -> 0
B787: 202000768 | C787: 6 | D787: 4 | E787: 450 | F787: 6 | G787: 43994.456 | H787: 43994.6 | I787: 3.45 | J787: 4 | K787: I | L787: 7301 | M787: Curicó | N787: MT | O787: 300676.5 | P787: 6120602 | Q787: Los Niches - Lineas de media tension cortadas por caida de arbol. | R787: =IF(ISNUMBER(MATCH(J787, Causas!B:B, 0)), "Taxonomía Nueva", IF(ISNUMBER(MATCH(J787, 'Causas 1'!B:B, 0)), "Taxonomía Antigua", "HUÉRFANO")) -> Taxonomía Nueva | S787: =YEAR(G787) -> 2020 | T787: =IF(OR(ISBLANK(O786), O786=0, O786="", ISBLANK(P786), P786=0, P786=""), 1, 0) -> 0
B788: 202000793 | C788: 7 | D788: 0 | E788: 0 | F788: 211 | G788: 43996.334 | H788: 43996.427 | I788: 2.23 | J788: 5 | K788: I | L788: 7301 | M788: Curicó | N788: BT | O788: 303488.18 | P788: 6117056.4 | Q788: Los Niches - Fusible NH operado por línea BT cortada en neutro, se repara y se normaliza SE quedando con energía. | R788: =IF(ISNUMBER(MATCH(J788, Causas!B:B, 0)), "Taxonomía Nueva", IF(ISNUMBER(MATCH(J788, 'Causas 1'!B:B, 0)), "Taxonomía Antigua", "HUÉRFANO")) -> Taxonomía Nueva | S788: =YEAR(G788) -> 2020 | T788: =IF(OR(ISBLANK(O787), O787=0, O787="", ISBLANK(P787), P787=0, P787=""), 1, 0) -> 0
B789: 202000801 | C789: 9 | D789: 25 | E789: 641 | F789: 395 | G789: 43996.75 | H789: 43996.785 | I789: 0.83 | J789: 33 | K789: E | L789: 7306 | M789: Romeral | N789: MT | O789: 320325.24 | P789: 6129429.9 | Q789: Reconectador La Laguna, Operacion de reconectador de linea producto de aislador pasado en serviico particular en cta6866 fundo el barco | R789: =IF(ISNUMBER(MATCH(J789, Causas!B:B, 0)), "Taxonomía Nueva", IF(ISNUMBER(MATCH(J789, 'Causas 1'!B:B, 0)), "Taxonomía Antigua", "HUÉRFANO")) -> Taxonomía Nueva | S789: =YEAR(G789) -> 2020 | T789: =IF(OR(ISBLANK(O788), O788=0, O788="", ISBLANK(P788), P788=0, P788=""), 1, 0) -> 0
B790: 202000801 | C790: 9 | D790: 26 | E790: 661.5 | F790: 183 | G790: 43996.75 | H790: 43996.785 | I790: 0.83 | J790: 33 | K790: E | L790: 7308 | M790: Teno | N790: MT | O790: 320325.24 | P790: 6129429.9 | Q790: Reconectador La Laguna, Operacion de reconectador de linea producto de aislador pasado en serviico particular en cta6866 fundo el barco | R790: =IF(ISNUMBER(MATCH(J790, Causas!B:B, 0)), "Taxonomía Nueva", IF(ISNUMBER(MATCH(J790, 'Causas 1'!B:B, 0)), "Taxonomía Antigua", "HUÉRFANO")) -> Taxonomía Nueva | S790: =YEAR(G790) -> 2020 | T790: =IF(OR(ISBLANK(O789), O789=0, O789="", ISBLANK(P789), P789=0, P789=""), 1, 0) -> 0
B791: 202000815 | C791: 7 | D791: 19 | E791: 735 | F791: 225 | G791: 43999.793 | H791: 43999.831 | I791: 0.93 | J791: 5 | K791: I | L791: 7301 | M791: Curicó | N791: MT | O791: 306018.13 | P791: 6115599 | Q791: Chequenlemu - CAIDA DE GÜIRAS SOBRE LINEA DE MEDIA TENSION. fusible MT operado en DCU 4874 por rama sobre la línea en cu 2322 se retira rama y se procede a cerrar fusible de 20 amp en arranque dcu4874 dejando con servicio normal | R791: =IF(ISNUMBER(MATCH(J791, Causas!B:B, 0)), "Taxonomía Nueva", IF(ISNUMBER(MATCH(J791, 'Causas 1'!B:B, 0)), "Taxonomía Antigua", "HUÉRFANO")) -> Taxonomía Nueva | S791: =YEAR(G791) -> 2020 | T791: =IF(OR(ISBLANK(O790), O790=0, O790="", ISBLANK(P790), P790=0, P790=""), 1, 0) -> 0
B792: 202000821 | C792: 7 | D792: 14 | E792: 465 | F792: 195 | G792: 44000.849 | H792: 44000.89 | I792: 0.98 | J792: 4 | K792: I | L792: 7301 | M792: Curicó | N792: MT | O792: 308303.21 | P792: 6115182.8 | Q792: chequenlemu - DCU 4403 operado en MT 1 fase, rama en la línea cu6103 se retira rama y se repone fusible 12a quedando sector con energía | R792: =IF(ISNUMBER(MATCH(J792, Causas!B:B, 0)), "Taxonomía Nueva", IF(ISNUMBER(MATCH(J792, 'Causas 1'!B:B, 0)), "Taxonomía Antigua", "HUÉRFANO")) -> Taxonomía Nueva | S792: =YEAR(G792) -> 2020 | T792: =IF(OR(ISBLANK(O791), O791=0, O791="", ISBLANK(P791), P791=0, P791=""), 1, 0) -> 0
... B931: 202001757 | C931: 10 | D931: 2 | E931: 70 | F931: 7 | G931: 44186.337 | H931: 44186.384 | I931: 1.12 | J931: 26 | K931: I | L931: 7308 | M931: Teno | N931: MT | O931: 311450.32 | P931: 6140238.1 | Q931: SANTA REBECA - fusible aéreo operado mt de 2a fusible mt operado en en te 2042 de 2 a por carga se remplaza por uno de 5a y posteriormente los 2 siguiente quedando el servicio normal con suministro eléctrico | R931: =IF(ISNUMBER(MATCH(J931, Causas!B:B, 0)), "Taxonomía Nueva", IF(ISNUMBER(MATCH(J931, 'Causas 1'!B:B, 0)), "Taxonomía Antigua", "HUÉRFANO")) -> Taxonomía Nueva | S931: =YEAR(G931) -> 2020 | T931: =IF(OR(ISBLANK(O930), O930=0, O930="", ISBLANK(P930), P930=0, P930=""), 1, 0) -> 0
B932: 202001777 | C932: 6 | D932: 32 | E932: 1290 | F932: 438 | G932: 44191.902 | H932: 44191.937 | I932: 0.84 | J932: 30 | K932: I | L932: 7301 | M932: Curicó | N932: MT | O932: 2966733,75 | P932: 6119694,800 | Q932: El Maiten.- sin energia el sectro producto de una prensa suelta en aisladores de cuchillos seccionadores , se realizan maniobras para aislar falla. clip desmontable fundido lado fuente al estribo dcu 1606, se deja como limite de zona este ultimo se traspasa carga x circuito de la mosqueta, quedando con servicio normal el sector | R932: =IF(ISNUMBER(MATCH(J932, Causas!B:B, 0)), "Taxonomía Nueva", IF(ISNUMBER(MATCH(J932, 'Causas 1'!B:B, 0)), "Taxonomía Antigua", "HUÉRFANO")) -> Taxonomía Nueva | S932: =YEAR(G932) -> 2020 | T932: =IF(OR(ISBLANK(O931), O931=0, O931="", ISBLANK(P931), P931=0, P931=""), 1, 0) -> 0
B933: 202001781 | C933: 6 | D933: 0 | E933: 0 | F933: 16 | G933: 44193.311 | H933: 44193.38 | I933: 1.64 | J933: 26 | K933: I | L933: 7301 | M933: Curicó | N933: BT | O933: 296311.18 | P933: 6124622 | Q933: SAN RAMON LOS NICHES - fusible nh operado de 100 afusible nh operado por carga se repone dejando con servicio normal | R933: =IF(ISNUMBER(MATCH(J933, Causas!B:B, 0)), "Taxonomía Nueva", IF(ISNUMBER(MATCH(J933, 'Causas 1'!B:B, 0)), "Taxonomía Antigua", "HUÉRFANO")) -> Taxonomía Nueva | S933: =YEAR(G933) -> 2020 | T933: =IF(OR(ISBLANK(O932), O932=0, O932="", ISBLANK(P932), P932=0, P932=""), 1, 0) -> 0
B934: 202001802 | C934: 9 | D934: 7 | E934: 86 | F934: 29 | G934: 44195.854 | H934: 44195.913 | I934: 1.4 | J934: 30 | K934: I | L934: 7306 | M934: Romeral | N934: MT | O934: 329375.32 | P934: 6126642.9 | Q934: Los Maquis - DCU- 254 operado en MT 1 fase se recorre línea sin novedad fusible fulltimer 5t | R934: =IF(ISNUMBER(MATCH(J934, Causas!B:B, 0)), "Taxonomía Nueva", IF(ISNUMBER(MATCH(J934, 'Causas 1'!B:B, 0)), "Taxonomía Antigua", "HUÉRFANO")) -> Taxonomía Nueva | S934: =YEAR(G934) -> 2020 | T934: =IF(OR(ISBLANK(O933), O933=0, O933="", ISBLANK(P933), P933=0, P933=""), 1, 0) -> 0
B935: 202001812 | C935: 7 | D935: 0 | E935: 0 | F935: 88 | G935: 44196.9 | H935: 44196.959 | I935: 1.41 | J935: 30 | K935: I | L935: 7301 | M935: Curicó | N935: BT | O935: 309953.23 | P935: 6103836.3 | Q935: Villa Santa Marta - SED cu377 operada en BT 1 fase por carga se recorre línea sin novedad | R935: =IF(ISNUMBER(MATCH(J935, Causas!B:B, 0)), "Taxonomía Nueva", IF(ISNUMBER(MATCH(J935, 'Causas 1'!B:B, 0)), "Taxonomía Antigua", "HUÉRFANO")) -> Taxonomía Nueva | S935: =YEAR(G935) -> 2020 | T935: =IF(OR(ISBLANK(O934), O934=0, O934="", ISBLANK(P934), P934=0, P934=""), 1, 0) -> 0
B936: 202100018 | C936: 8 | D936: 1 | E936: 75 | F936: 15 | G936: 44209.417 | H936: 44209.607 | I936: 4.58 | J936: 23 | K936: I | L936: 7306 | M936: Romeral | N936: MT | O936: 299632.98 | P936: 6127010 | Q936: psicultura - Desconexion programada por poda y roce en la zona y mejora de la red MT | R936: =IF(ISNUMBER(MATCH(J936, Causas!B:B, 0)), "Taxonomía Nueva", IF(ISNUMBER(MATCH(J936, 'Causas 1'!B:B, 0)), "Taxonomía Antigua", "HUÉRFANO")) -> Taxonomía Nueva | S936: =YEAR(G936) -> 2021 | T936: =IF(OR(ISBLANK(O935), O935=0, O935="", ISBLANK(P935), P935=0, P935=""), 1, 0) -> 0
B937: 202100027 | C937: 6 | D937: 3 | E937: 45 | F937: 65 | G937: 44207.516 | H937: 44207.554 | I937: 0.91 | J937: 5 | K937: I | L937: 7301 | M937: Curicó | N937: MT | O937: 301641.81 | P937: 6119104.1 | Q937: Huañuñe - un Fusible MT operado en red de Media tension, producto de la caida de una rama sobre la red, se despeja zona se cambian los fusible Mt y normaliza la zona afectada. dcu3398 operado en 1 fase en mt | R937: =IF(ISNUMBER(MATCH(J937, Causas!B:B, 0)), "Taxonomía Nueva", IF(ISNUMBER(MATCH(J937, 'Causas 1'!B:B, 0)), "Taxonomía Antigua", "HUÉRFANO")) -> Taxonomía Nueva | S937: =YEAR(G937) -> 2021 | T937: =IF(OR(ISBLANK(O936), O936=0, O936="", ISBLANK(P936), P936=0, P936=""), 1, 0) -> 0
B938: 202100042 | C938: 6 | D938: 3 | E938: 90 | F938: 18 | G938: 44214.428 | H938: 44214.583 | I938: 3.72 | J938: 23 | K938: I | L938: 7301 | M938: Curicó | N938: MT | O938: 303177.63 | P938: 6123596.1 | Q938: desocnexion por trabajo de mantencion | R938: =IF(ISNUMBER(MATCH(J938, Causas!B:B, 0)), "Taxonomía Nueva", IF(ISNUMBER(MATCH(J938, 'Causas 1'!B:B, 0)), "Taxonomía Antigua", "HUÉRFANO")) -> Taxonomía Nueva | S938: =YEAR(G938) -> 2021 | T938: =IF(OR(ISBLANK(O937), O937=0, O937="", ISBLANK(P937), P937=0, P937=""), 1, 0) -> 0
B939: 202100043 | C939: 6 | D939: 0 | E939: 0 | F939: 21 | G939: 44217.418 | H939: 44217.636 | I939: 5.25 | J939: 23 | K939: I | L939: 7301 | M939: Curicó | N939: BT | O939: 297505.16 | P939: 6123458.2 | Q939: desconexion por poda | R939: =IF(ISNUMBER(MATCH(J939, Causas!B:B, 0)), "Taxonomía Nueva", IF(ISNUMBER(MATCH(J939, 'Causas 1'!B:B, 0)), "Taxonomía Antigua", "HUÉRFANO")) -> Taxonomía Nueva | S939: =YEAR(G939) -> 2021 | T939: =IF(OR(ISBLANK(O938), O938=0, O938="", ISBLANK(P938), P938=0, P938=""), 1, 0) -> 0
B940: 202100056 | C940: 6 | D940: 0 | E940: 0 | F940: 12 | G940: 44214.573 | H940: 44214.616 | I940: 1.03 | J940: 26 | K940: I | L940: 7301 | M940: Curicó | N940: BT | O940: 298493.58 | P940: 6125586.5 | Q940: Zapallar - Nh operado en red BT por sobre carga monentanea | R940: =IF(ISNUMBER(MATCH(J940, Causas!B:B, 0)), "Taxonomía Nueva", IF(ISNUMBER(MATCH(J940, 'Causas 1'!B:B, 0)), "Taxonomía Antigua", "HUÉRFANO")) -> Taxonomía Nueva | S940: =YEAR(G940) -> 2021 | T940: =IF(OR(ISBLANK(O939), O939=0, O939="", ISBLANK(P939), P939=0, P939=""), 1, 0) -> 0
B941: 202100082 | C941: 7 | D941: 0 | E941: 0 | F941: 88 | G941: 44220.785 | H941: 44220.849 | I941: 1.55 | J941: 30 | K941: I | L941: 7301 | M941: Curicó | N941: BT | O941: 309953.23 | P941: 6103836.3 | Q941: Potreo Grande - SED 445 Operada en BT se recorre línea BT despejada se repone nh 63a quedando sector con energía posible carga momentanea | R941: =IF(ISNUMBER(MATCH(J941, Causas!B:B, 0)), "Taxonomía Nueva", IF(ISNUMBER(MATCH(J941, 'Causas 1'!B:B, 0)), "Taxonomía Antigua", "HUÉRFANO")) -> Taxonomía Nueva | S941: =YEAR(G941) -> 2021 | T941: =IF(OR(ISBLANK(O940), O940=0, O940="", ISBLANK(P940), P940=0, P940=""), 1, 0) -> 0
B942: 202100102 | C942: 9 | D942: 19 | E942: 570 | F942: 367 | G942: 44225.319 | H942: 44225.326 | I942: 0.17 | J942: 13 | K942: FM | L942: 7306 | M942: Romeral | N942: MT | O942: 320325.24 | P942: 6129429.9 | Q942: Instalación de grupo electrógeno Desinstalación de grupo electrógeno operacion de reconectadore por falla en aislador de cuchilla en equipos regualador de voltaje por caida de rayo. | R942: =IF(ISNUMBER(MATCH(J942, Causas!B:B, 0)), "Taxonomía Nueva", IF(ISNUMBER(MATCH(J942, 'Causas 1'!B:B, 0)), "Taxonomía Antigua", "HUÉRFANO")) -> Taxonomía Nueva | S942: =YEAR(G942) -> 2021 | T942: =IF(OR(ISBLANK(O941), O941=0, O941="", ISBLANK(P941), P941=0, P941=""), 1, 0) -> 0
B943: 202100102 | C943: 9 | D943: 8 | E943: 96 | F943: 29 | G943: 44225.319 | H943: 44225.361 | I943: 1.01 | J943: 13 | K943: FM | L943: 7306 | M943: Romeral | N943: MT | O943: 320325.24 | P943: 6129429.9 | Q943: Instalación de grupo electrógeno Desinstalación de grupo electrógeno operacion de reconectadore por falla en aislador de cuchilla en equipos regualador de voltaje por caida de rayo. | R943: =IF(ISNUMBER(MATCH(J943, Causas!B:B, 0)), "Taxonomía Nueva", IF(ISNUMBER(MATCH(J943, 'Causas 1'!B:B, 0)), "Taxonomía Antigua", "HUÉRFANO")) -> Taxonomía Nueva | S943: =YEAR(G943) -> 2021 | T943: =IF(OR(ISBLANK(O942), O942=0, O942="", ISBLANK(P942), P942=0, P942=""), 1, 0) -> 0
B944: 202100102 | C944: 9 | D944: 0 | E944: 0 | F944: 18 | G944: 44225.319 | H944: 44225.326 | I944: 0.17 | J944: 13 | K944: FM | L944: 7308 | M944: Teno | N944: MT | O944: 320325.24 | P944: 6129429.9 | Q944: Instalación de grupo electrógeno Desinstalación de grupo electrógeno operacion de reconectadore por falla en aislador de cuchilla en equipos regualador de voltaje por caida de rayo. | R944: =IF(ISNUMBER(MATCH(J944, Causas!B:B, 0)), "Taxonomía Nueva", IF(ISNUMBER(MATCH(J944, 'Causas 1'!B:B, 0)), "Taxonomía Antigua", "HUÉRFANO")) -> Taxonomía Nueva | S944: =YEAR(G944) -> 2021 | T944: =IF(OR(ISBLANK(O943), O943=0, O943="", ISBLANK(P943), P943=0, P943=""), 1, 0) -> 0
... B1488: 202202079 | C1488: 7 | D1488: 0 | E1488: 0 | F1488: 24 | G1488: 44924.846 | H1488: 44925.008 | I1488: 3.89 | J1488: 8 | K1488: I | L1488: 7301 | M1488: Curicó | N1488: BT | O1488: 313976.34 | P1488: 6110421 | Q1488: Sector Upeo SED 886 opera protección BT a causa de líneas en baja tensión cortadas por personal de empresa Mallinko, se repara red BT quedando con servicio normal | R1488: =IF(ISNUMBER(MATCH(J1488, Causas!B:B, 0)), "Taxonomía Nueva", IF(ISNUMBER(MATCH(J1488, 'Causas 1'!B:B, 0)), "Taxonomía Antigua", "HUÉRFANO")) -> Taxonomía Nueva | S1488: =YEAR(G1488) -> 2022 | T1488: =IF(OR(ISBLANK(O1487), O1487=0, O1487="", ISBLANK(P1487), P1487=0, P1487=""), 1, 0) -> 0
B1489: 202300007 | C1489: 7 | D1489: 4 | E1489: 120 | F1489: 33 | G1489: 44929.872 | H1489: 44929.9 | I1489: 0.67 | J1489: 30 | K1489: I | L1489: 7301 | M1489: Curicó | N1489: MT | Q1489: Sector Rincón Zapallar, se identifica fase 3 operada con FMT de 7 AMP. se realiza recorrido sin encontrar detalle y se normaliza con la misma capacidad quedando sector con energía | R1489: =IF(ISNUMBER(MATCH(J1489, Causas!B:B, 0)), "Taxonomía Nueva", IF(ISNUMBER(MATCH(J1489, 'Causas 1'!B:B, 0)), "Taxonomía Antigua", "HUÉRFANO")) -> Taxonomía Nueva | S1489: =YEAR(G1489) -> 2023 | T1489: =IF(OR(ISBLANK(O1488), O1488=0, O1488="", ISBLANK(P1488), P1488=0, P1488=""), 1, 0) -> 0
B1490: 202300038 | C1490: 6 | D1490: 3 | E1490: 90 | F1490: 23 | G1490: 44935.323 | H1490: 44935.394 | I1490: 1.7 | J1490: 30 | K1490: I | L1490: 7301 | M1490: Curicó | N1490: MT | Q1490: Sector Hacienda de Zapallar FMT de 7T operado por fatiga de fusible MT DCU6835 encontrándose bastón pasado y pegado en red MT, se realiza cambio y normalización con la misma capacidad | R1490: =IF(ISNUMBER(MATCH(J1490, Causas!B:B, 0)), "Taxonomía Nueva", IF(ISNUMBER(MATCH(J1490, 'Causas 1'!B:B, 0)), "Taxonomía Antigua", "HUÉRFANO")) -> Taxonomía Nueva | S1490: =YEAR(G1490) -> 2023 | T1490: =IF(OR(ISBLANK(O1489), O1489=0, O1489="", ISBLANK(P1489), P1489=0, P1489=""), 1, 0) -> 1
B1491: 202300042 | C1491: 6 | D1491: 1 | E1491: 75 | F1491: 4 | G1491: 44935.477 | H1491: 44935.581 | I1491: 2.48 | J1491: 11 | K1491: I | L1491: 7301 | M1491: Curicó | N1491: MT | Q1491: Sector Marengo DCU4058 operado 1FMT 7T y FMT de SED1130 EN MT 3T producto de ave sobre transformador, se realiza retiro normalizando sector | R1491: =IF(ISNUMBER(MATCH(J1491, Causas!B:B, 0)), "Taxonomía Nueva", IF(ISNUMBER(MATCH(J1491, 'Causas 1'!B:B, 0)), "Taxonomía Antigua", "HUÉRFANO")) -> Taxonomía Nueva | S1491: =YEAR(G1491) -> 2023 | T1491: =IF(OR(ISBLANK(O1490), O1490=0, O1490="", ISBLANK(P1490), P1490=0, P1490=""), 1, 0) -> 1
B1492: 202300042 | C1492: 6 | D1492: 1 | E1492: 30 | F1492: 2 | G1492: 44935.477 | H1492: 44935.581 | I1492: 2.48 | J1492: 11 | K1492: I | L1492: 7301 | M1492: Curicó | N1492: MT | Q1492: Sector Marengo DCU4058 operado 1FMT 7T y FMT de SED1130 EN MT 3T producto de ave sobre transformador, se realiza retiro normalizando sector | R1492: =IF(ISNUMBER(MATCH(J1492, Causas!B:B, 0)), "Taxonomía Nueva", IF(ISNUMBER(MATCH(J1492, 'Causas 1'!B:B, 0)), "Taxonomía Antigua", "HUÉRFANO")) -> Taxonomía Nueva | S1492: =YEAR(G1492) -> 2023 | T1492: =IF(OR(ISBLANK(O1491), O1491=0, O1491="", ISBLANK(P1491), P1491=0, P1491=""), 1, 0) -> 1
B1493: 202300076 | C1493: 10 | D1493: 0 | E1493: 0 | F1493: 6 | G1493: 44943.681 | H1493: 44943.72 | I1493: 0.93 | J1493: 5 | K1493: I | L1493: 7308 | M1493: Teno | N1493: BT | Q1493: Sector Santa Rosa de Teno 1NH 50A operado producto rama en línea monofásica particular del cliente, se realizara normalización misma capacidad. | R1493: =IF(ISNUMBER(MATCH(J1493, Causas!B:B, 0)), "Taxonomía Nueva", IF(ISNUMBER(MATCH(J1493, 'Causas 1'!B:B, 0)), "Taxonomía Antigua", "HUÉRFANO")) -> Taxonomía Nueva | S1493: =YEAR(G1493) -> 2023 | T1493: =IF(OR(ISBLANK(O1492), O1492=0, O1492="", ISBLANK(P1492), P1492=0, P1492=""), 1, 0) -> 1
B1494: 202300079 | C1494: 9 | D1494: 27 | E1494: 666 | F1494: 430 | G1494: 44944.789 | H1494: 44944.819 | I1494: 0.72 | J1494: 32 | K1494: E | L1494: 7306 | M1494: Romeral | N1494: MT | Q1494: Falla Asociada a nivel de transmisión aguas arriba SSEE Curicó Y SSEE Teno, por falla en línea 154kv Itahue - Tinguiririca. | R1494: =IF(ISNUMBER(MATCH(J1494, Causas!B:B, 0)), "Taxonomía Nueva", IF(ISNUMBER(MATCH(J1494, 'Causas 1'!B:B, 0)), "Taxonomía Antigua", "HUÉRFANO")) -> Taxonomía Nueva | S1494: =YEAR(G1494) -> 2023 | T1494: =IF(OR(ISBLANK(O1493), O1493=0, O1493="", ISBLANK(P1493), P1493=0, P1493=""), 1, 0) -> 1
B1495: 202300079 | C1495: 9 | D1495: 113 | E1495: 16968.5 | F1495: 1081 | G1495: 44944.789 | H1495: 44944.819 | I1495: 0.72 | J1495: 32 | K1495: E | L1495: 7308 | M1495: Teno | N1495: MT | Q1495: Falla Asociada a nivel de transmisión aguas arriba SSEE Curicó Y SSEE Teno, por falla en línea 154kv Itahue - Tinguiririca. | R1495: =IF(ISNUMBER(MATCH(J1495, Causas!B:B, 0)), "Taxonomía Nueva", IF(ISNUMBER(MATCH(J1495, 'Causas 1'!B:B, 0)), "Taxonomía Antigua", "HUÉRFANO")) -> Taxonomía Nueva | S1495: =YEAR(G1495) -> 2023 | T1495: =IF(OR(ISBLANK(O1494), O1494=0, O1494="", ISBLANK(P1494), P1494=0, P1494=""), 1, 0) -> 1
B1496: 202300083 | C1496: 10 | D1496: 197 | E1496: 18436 | F1496: 2285 | G1496: 44944.789 | H1496: 44944.801 | I1496: 0.28 | J1496: 32 | K1496: E | L1496: 7308 | M1496: Teno | N1496: MT | Q1496: Falla Asociada a nivel de transmisión aguas arriba SSEE Curicó Y SSEE Teno, por falla en línea 154kv Itahue - Tinguiririca. | R1496: =IF(ISNUMBER(MATCH(J1496, Causas!B:B, 0)), "Taxonomía Nueva", IF(ISNUMBER(MATCH(J1496, 'Causas 1'!B:B, 0)), "Taxonomía Antigua", "HUÉRFANO")) -> Taxonomía Nueva | S1496: =YEAR(G1496) -> 2023 | T1496: =IF(OR(ISBLANK(O1495), O1495=0, O1495="", ISBLANK(P1495), P1495=0, P1495=""), 1, 0) -> 1
B1497: 202300088 | C1497: 6 | D1497: 309 | E1497: 26555 | F1497: 4157 | G1497: 44944.789 | H1497: 44944.792 | I1497: 0.08 | J1497: 32 | K1497: E | L1497: 7301 | M1497: Curicó | N1497: MT | Q1497: Falla Asociada a nivel de transmisión aguas arriba SSEE Curicó Y SSEE Teno, por falla en línea 154kv Itahue - Tinguiririca. | R1497: =IF(ISNUMBER(MATCH(J1497, Causas!B:B, 0)), "Taxonomía Nueva", IF(ISNUMBER(MATCH(J1497, 'Causas 1'!B:B, 0)), "Taxonomía Antigua", "HUÉRFANO")) -> Taxonomía Nueva | S1497: =YEAR(G1497) -> 2023 | T1497: =IF(OR(ISBLANK(O1496), O1496=0, O1496="", ISBLANK(P1496), P1496=0, P1496=""), 1, 0) -> 1
B1498: 202300092 | C1498: 7 | D1498: 0 | E1498: 0 | F1498: 90 | G1498: 44944.892 | H1498: 44944.973 | I1498: 1.93 | J1498: 26 | K1498: I | L1498: 7301 | M1498: Curicó | N1498: BT | Q1498: Sector Cordillerilla, SED 225 fusible NH de 125A operado en red BT por sobreconsumo. Se reemplazó fusible NH con la misma capacidad quedando el sector normalizado. | R1498: =IF(ISNUMBER(MATCH(J1498, Causas!B:B, 0)), "Taxonomía Nueva", IF(ISNUMBER(MATCH(J1498, 'Causas 1'!B:B, 0)), "Taxonomía Antigua", "HUÉRFANO")) -> Taxonomía Nueva | S1498: =YEAR(G1498) -> 2023 | T1498: =IF(OR(ISBLANK(O1497), O1497=0, O1497="", ISBLANK(P1497), P1497=0, P1497=""), 1, 0) -> 1
B1499: 202300094 | C1499: 7 | D1499: 286 | E1499: 18531 | F1499: 3033 | G1499: 44944.789 | H1499: 44944.792 | I1499: 0.08 | J1499: 32 | K1499: E | L1499: 7301 | M1499: Curicó | N1499: MT | Q1499: Falla Asociada a nivel de transmisión aguas arriba SSEE Curicó Y SSEE Teno, por falla en línea 154kv Itahue - Tinguiririca. | R1499: =IF(ISNUMBER(MATCH(J1499, Causas!B:B, 0)), "Taxonomía Nueva", IF(ISNUMBER(MATCH(J1499, 'Causas 1'!B:B, 0)), "Taxonomía Antigua", "HUÉRFANO")) -> Taxonomía Nueva | S1499: =YEAR(G1499) -> 2023 | T1499: =IF(OR(ISBLANK(O1498), O1498=0, O1498="", ISBLANK(P1498), P1498=0, P1498=""), 1, 0) -> 1
B1500: 202300094 | C1500: 7 | D1500: 37 | E1500: 2204.5 | F1500: 299 | G1500: 44944.789 | H1500: 44944.792 | I1500: 0.08 | J1500: 32 | K1500: E | L1500: 7304 | M1500: Molina | N1500: MT | Q1500: Falla Asociada a nivel de transmisión aguas arriba SSEE Curicó Y SSEE Teno, por falla en línea 154kv Itahue - Tinguiririca. | R1500: =IF(ISNUMBER(MATCH(J1500, Causas!B:B, 0)), "Taxonomía Nueva", IF(ISNUMBER(MATCH(J1500, 'Causas 1'!B:B, 0)), "Taxonomía Antigua", "HUÉRFANO")) -> Taxonomía Nueva | S1500: =YEAR(G1500) -> 2023 | T1500: =IF(OR(ISBLANK(O1499), O1499=0, O1499="", ISBLANK(P1499), P1499=0, P1499=""), 1, 0) -> 1
... B2224: 202501632 | C2224: 11 | D2224: 0 | E2224: 0 | F2224: 48 | G2224: 46022.993 | H2224: 46023.034 | I2224: 0.97 | J2224: 26 | K2224: I | L2224: 7301 | M2224: Curicó | N2224: BT | Q2224: SED439 La Obra, se encuentra fusible operado por sobrecarga, se reemplaza quedando con servicio normal. | R2224: =IF(ISNUMBER(MATCH(J2224, Causas!B:B, 0)), "Taxonomía Nueva", IF(ISNUMBER(MATCH(J2224, 'Causas 1'!B:B, 0)), "Taxonomía Antigua", "HUÉRFANO")) -> Taxonomía Nueva | S2224: =YEAR(G2224) -> 2025 | T2224: =IF(OR(ISBLANK(O2223), O2223=0, O2223="", ISBLANK(P2223), P2223=0, P2223=""), 1, 0) -> 1

Sheet Fallas del sistema
C3: Cantidad de fallas | F3: Horas con fallas
B4: Alimentador | C4: Externas | D4: Internas | E4: FM | F4: Horas (externas) | G4: Horas ( internas) | H4: Horas (FM)
B5: 2 | C5: 57 | D5: 246 | E5: 62 | F5: 24.2 | G5: 651.944 | H5: 261.63 | J5: =SUM(C5:E5) -> 365
B6: 6 | C6: 20 | D6: 429 | E6: 79 | F6: 4.21 | G6: 778.43611 | H6: 1310.351 | J6: =SUM(C6:E6) -> 528
B7: 7 | C7: 30 | D7: 399 | E7: 97 | F7: 17.956 | G7: 916 | H7: 2199.049 | J7: =SUM(C7:E7) -> 526
B8: 8 | C8: 25 | D8: 112 | E8: 42 | F8: 8.07 | G8: 177.693 | H8: 111.76 | J8: =SUM(C8:E8) -> 179
B9: 9 | C9: 46 | D9: 292 | E9: 78 | F9: 120.7 | G9: 708.49 | H9: 319.79 | J9: =SUM(C9:E9) -> 416
B10: 10 | C10: 7 | D10: 130 | E10: 25 | F10: 3.2 | G10: 291.95 | H10: 83.03 | J10: =SUM(C10:E10) -> 162
B11: 11 | C11: 1 | D11: 32 | E11: 13 | F11: 0.55 | G11: 23.66 | H11: 101 | J11: =SUM(C11:E11) -> 46
B12: Total por tipo | C12: =SUM(C5:C11) -> 186 | D12: =SUM(D5:D11) -> 1640 | E12: =SUM(E5:E11) -> 396 | F12: =SUM(F5:F11) -> 178.886 | G12: =SUM(G5:G11) -> 3548.1731 | H12: =SUM(H5:H11) -> 4386.61
B13: total | C13: =SUM(C12:E12) -> 2222 | F13: =SUM(F12:H12) -> 8113.6691

Sheet Diccionario_Taxonomia
A2: ID_Original | B2: Descripcion_Original | C2: Familia_Objetivo_CEC

Sheet DIAGNOSTICO
A4: Porcentaje de uso "Origen no determinado" (Cód 31)
A5: =COUNTIF(BD!J:J, 31) / (COUNTA(BD!B:B) - 1) -> 0.0099009901
A6: =COUNTIF(BD!J:J, 31) / (COUNTA(BD!A:A) - 1) -> -22

Sheet Causas
B2: Causa SEC | C2: Causa_comprimida | D2: Causa
B3: 1 | C3: Daño infraestructura evento catastrófico | D3: Daño en la infraestructura por eventos catastroficos de la naturaleza
B4: 2 | C4: Cortocircuito por evento catastrófico | D4: Cortocircuito producido por eventos externos catastroficos de la naturaleza
B5: 3 | C5: Incendio | D5: Incendio
B6: 4 | C6: Caída de árbol | D6: Caida de árbol
B7: 5 | C7: Impacto ganchos, ramas u otro tipo de vegetación | D7: Impacto de ganchos, ramas u otro tipo de vegetación
B8: 6 | C8: Impacto deslizamiento tierra, aluvión o socavón | D8: Impacto de elementos por un deslizamiento de tierra, aluvión o socavón
B9: 7 | C9: Impacto elementos maremoto o un tsunami | D9: Impacto de elementos por maremoto o un tsunami
B10: 8 | C10: Poda o tala árboles o roce de la vegetación | D10: Poda o tala de árboles o roce de la vegetación
B11: 9 | C11: Impacto de objeto | D11: Impacto de objeto
B12: 10 | C12: Contacto de objeto | D12: Contacto de objeto
B13: 11 | C13: Acción de animales | D13: Acción de animales
B14: 12 | C14: Acción de agua o de objetos arrastrados | D14: Acción de agua o de objetos arrastrados
... B38: 36 | C38: Desc. Prog. por mejora de CDS (excede tiempo) | D38: Desconexiones programadas por Obras en la red que permitan mejorar los estándares de calidad de suministro o producto, que excede el tiempo presupuestado

Sheet Causas 1
B2: Causa ID | C2: Clasificación | D2: Descripción | E2: Calificación
B3: 1001 | C3: Externas | D3: Racionamiento, con decreto vigente y programa de cortes avisado | E3: FM
B4: 1002 | C4: Externas | D4: Blackout del Sistema | E4: E
B5: 1003 | C5: Externas | D5: Programadas Generación | E5: E
B6: 1004 | C6: Externas | D6: Programadas Transmisión | E6: E
B7: 1005 | C7: Externas | D7: Programadas Subtransmisión | E7: E
B8: 1006 | C8: Externas | D8: Operación de bloque de baja frecuencia | E8: E
B9: 1007 | C9: Externas | D9: Otros | E9: E
B10: 1008 | C10: Externas | D10: Operación errónea de interruptor / relé / protecciones (Gx/Tx) | E10: E
B11: 1009 | C11: Externas | D11: Falla en sistema de control (Gx) | E11: E
B12: 1010 | C12: Externas | D12: Baja frecuencia (Gx/Tx) | E12: E
B13: 1011 | C13: Externas | D13: Sobre frecuencia (Gx/Tx) | E13: E
B14: 1012 | C14: Externas | D14: Interrupción forzada por operación de protecciones(Gx/Tx) | E14: E
... B142: 2702 | C142: Otros no clasificados | D142: Causas Fugaces o Flicker | E142: I

Sheet sist. Morza
B2: Sistema de distribucion MORZA
B3: INC | C3: Alimentador | D3: Trafos afectados | E3: KVA | F3: Clientes | G3: Inicio | H3: Fin | I3: Duracion | J3: Causa | K3: Calificación | L3: Comuna id | M3: Comuna | N3: Tension | O3: X | P3: Y | Q3: Descripcion
B4: 201901321 | C4: 2 | D4: 25 | E4: 1045 | F4: 183 | G4: 43747.1 | H4: 43747.144 | I4: 1.05 | J4: 32 | K4: E | L4: 6303 | M4: Chimbarongo | N4: MT | O4: 310796.98 | P4: 6147576.3 | Q4: Corte de conductor por intento de robo en 2 fases laterales entre estructuras 88 y 89 en tramo San Fernando - Chimbarongo se procede a realizar tranferencia de carga desde alimentador 52c9 S/E TENO energizando por MEdia tension
B5: 201901321 | C5: 2 | D5: 172 | E5: 16903 | F5: 1351 | G5: 43747.1 | H5: 43747.144 | I5: 1.05 | J5: 32 | K5: E | L5: 7308 | M5: Teno | N5: MT | O5: 310796.98 | P5: 6147576.3 | Q5: Corte de conductor por intento de robo en 2 fases laterales entre estructuras 88 y 89 en tramo San Fernando - Chimbarongo se procede a realizar tranferencia de carga desde alimentador 52c9 S/E TENO energizando por MEdia tension | AG5: tipos | AH5: cantidad de fallas | AI5: duracion total de fallas
B6: 202000069 | C6: 2 | D6: 26 | E6: 1090 | F6: 183 | G6: 43849.238 | H6: 43849.316 | I6: 1.87 | J6: 32 | K6: E | L6: 6303 | M6: Chimbarongo | N6: MT | O6: 310795.99 | P6: 6147614.2 | Q6: OPERACION LINEA TRANSMISION CGE AGUAS ARRIBA DE S/E QUINTA | AG6: externas | AH6: =COUNTA(K4:K60) -> 57 | AI6: =SUM(I4:I60) -> 24.2
B7: 202000069 | C7: 2 | D7: 184 | E7: 20578 | F7: 1457 | G7: 43849.238 | H7: 43849.316 | I7: 1.87 | J7: 32 | K7: E | L7: 7308 | M7: Teno | N7: MT | O7: 310795.99 | P7: 6147614.2 | Q7: OPERACION LINEA TRANSMISION CGE AGUAS ARRIBA DE S/E QUINTA | AG7: internas | AH7: =COUNTA(K123:K368) -> 246 | AI7: =SUM(I123:I368) -> 651.94444
B8: 202101405 | C8: 2 | D8: 30 | E8: 4845 | F8: 200 | G8: 44442.375 | H8: 44442.398 | I8: 0.55 | J8: 32 | K8: E | L8: 6303 | M8: Chimbarongo | N8: MT | O8: 310795.99 | P8: 6147614.2 | Q8: Sin Tensión en SE Quinta por falla a nivel de transmisión. | AG8: FM | AH8: =COUNTA(K61:K122) -> 62 | AI8: =SUM(I61:I122) -> 261.63333
B9: 202101405 | C9: 2 | D9: 187 | E9: 19033 | F9: 1438 | G9: 44442.375 | H9: 44442.398 | I9: 0.55 | J9: 32 | K9: E | L9: 7308 | M9: Teno | N9: MT | O9: 310795.99 | P9: 6147614.2 | Q9: Sin Tensión en SE Quinta por falla a nivel de transmisión.
B10: 202101609 | C10: 2 | D10: 30 | E10: 4845 | F10: 200 | G10: 44481.79 | H10: 44481.824 | I10: 0.82 | J10: 32 | K10: E | L10: 6303 | M10: Chimbarongo | N10: MT | O10: 310795.99 | P10: 6147614.2 | Q10: SE Quinta, Interrupción se produjo debido a un Ave se posa en la estructura de la barra de 66kva del patio de la S/E quinta , provocando una descarga a tierra, realizado operación de los 3 Fusible de alta tensión AT 80E del patio de S/E Quinta
B11: 202101609 | C11: 2 | D11: 187 | E11: 19033 | F11: 1438 | G11: 44481.79 | H11: 44481.824 | I11: 0.82 | J11: 32 | K11: E | L11: 7308 | M11: Teno | N11: MT | O11: 310795.99 | P11: 6147614.2 | Q11: SE Quinta, Interrupción se produjo debido a un Ave se posa en la estructura de la barra de 66kva del patio de la S/E quinta , provocando una descarga a tierra, realizado operación de los 3 Fusible de alta tensión AT 80E del patio de S/E Quinta
B12: 202200221 | C12: 2 | D12: 30 | E12: 4845 | F12: 202 | G12: 44605.593 | H12: 44605.597 | I12: 0.1 | J12: 32 | K12: E | L12: 6303 | M12: Chimbarongo | N12: MT | O12: 310795.99 | P12: 6147614.2 | Q12: SSEE Quinta Perdida de suministro a nivel de 154kV subestación Tinguiririca que alimenta sector de san fernando - TRANSELEC.
B13: 202200221 | C13: 2 | D13: 188 | E13: 19078 | F13: 1439 | G13: 44605.593 | H13: 44605.597 | I13: 0.1 | J13: 32 | K13: E | L13: 7308 | M13: Teno | N13: MT | O13: 310795.99 | P13: 6147614.2 | Q13: SSEE Quinta Perdida de suministro a nivel de 154kV subestación Tinguiririca que alimenta sector de san fernando - TRANSELEC.
B14: 202200262 | C14: 2 | D14: 30 | E14: 4845 | F14: 202 | G14: 44614.55 | H14: 44614.557 | I14: 0.17 | J14: 32 | K14: E | L14: 6303 | M14: Chimbarongo | N14: MT | O14: 310795.99 | P14: 6147614.2 | Q14: Ramón Urrea de SSEE Y Protecciones (CGE) quien informó que a las 13:12 hrs opero el 52B8 en SE San Fernando, por lo tanto queremos alimentamos por la barra de 66KV desde subestación Teno a las 13:22 hrs.
B15: 202200262 | C15: 2 | D15: 188 | E15: 19078 | F15: 1439 | G15: 44614.55 | H15: 44614.557 | I15: 0.17 | J15: 32 | K15: E | L15: 7308 | M15: Teno | N15: MT | O15: 310795.99 | P15: 6147614.2 | Q15: Ramón Urrea de SSEE Y Protecciones (CGE) quien informó que a las 13:12 hrs opero el 52B8 en SE San Fernando, por lo tanto queremos alimentamos por la barra de 66KV desde subestación Teno a las 13:22 hrs.
B16: 202300432 | C16: 2 | D16: 3 | E16: 105 | F16: 10 | G16: 45020.727 | H16: 45020.732 | I16: 0.1 | J16: 32 | K16: E | L16: 6303 | M16: Chimbarongo | N16: MT | Q16: SS/EE Quinta - Opera reconectador de cabecera 52C1 Morza por EDAC.
B17: 202300432 | C17: 2 | D17: 117 | E17: 14468 | F17: 903 | G17: 45020.727 | H17: 45020.732 | I17: 0.1 | J17: 32 | K17: E | L17: 7308 | M17: Teno | N17: MT | Q17: SS/EE Quinta - Opera reconectador de cabecera 52C1 Morza por EDAC.
B18: 202301830 | C18: 2 | D18: 31 | E18: 4940 | F18: 252 | G18: 45226.181 | H18: 45226.189 | I18: 0.2 | J18: 32 | K18: E | L18: 6303 | M18: Chimbarongo | N18: MT | Q18: Falla en la LT 66 KV San Fernando – Teno perdiendo 1.6 MW
B19: 202301830 | C19: 2 | D19: 199 | E19: 20015.5 | F19: 1559 | G19: 45226.181 | H19: 45226.189 | I19: 0.2 | J19: 32 | K19: E | L19: 7308 | M19: Teno | N19: MT | Q19: Falla en la LT 66 KV San Fernando – Teno perdiendo 1.6 MW
B20: 202301911 | C20: 2 | D20: 31 | E20: 4940 | F20: 253 | G20: 45234.793 | H20: 45234.8 | I20: 0.17 | J20: 32 | K20: E | L20: 6303 | M20: Chimbarongo | N20: MT | Q20: SSEE Quinta, se encuentra sin tensión por falla aguas arriba de nuestras instalaciones a nivel de transmisión, se transfieren consumos a SSEE Teno y posteriormente normalizados a SSEE Quinta.
B21: 202301911 | C21: 2 | D21: 199 | E21: 20015.5 | F21: 1562 | G21: 45234.793 | H21: 45234.8 | I21: 0.17 | J21: 32 | K21: E | L21: 7308 | M21: Teno | N21: MT | Q21: SSEE Quinta, se encuentra sin tensión por falla aguas arriba de nuestras instalaciones a nivel de transmisión, se transfieren consumos a SSEE Teno y posteriormente normalizados a SSEE Quinta.
B22: 202302070 | C22: 2 | D22: 31 | E22: 4940 | F22: 253 | G22: 45270.781 | H22: 45270.799 | I22: 0.42 | J22: 32 | K22: E | L22: 6303 | M22: Chimbarongo | N22: MT | Q22: SS/EE Quinta - Falla Aguas Arriba sistema de distribución, producto de una interrupción forzada por protecciones, se pierden 7.3 MW de consumos correspondientes a SS/EE Chimbarongo, Quinta, según IF2023004841.
B23: 202302070 | C23: 2 | D23: 199 | E23: 20015.5 | F23: 1563 | G23: 45270.781 | H23: 45270.799 | I23: 0.42 | J23: 32 | K23: E | L23: 7308 | M23: Teno | N23: MT | Q23: SS/EE Quinta - Falla Aguas Arriba sistema de distribución, producto de una interrupción forzada por protecciones, se pierden 7.3 MW de consumos correspondientes a SS/EE Chimbarongo, Quinta, según IF2023004841.
B24: 202400211 | C24: 2 | D24: 31 | E24: 4940 | F24: 258 | G24: 45331.856 | H24: 45331.864 | I24: 0.18 | J24: 32 | K24: E | L24: 6303 | M24: Chimbarongo | N24: MT | Q24: Falla Externa a Redes CEC - Falla Transelec Falla en transformador n°4 de línea 154kva SS/EE Itahue
B25: 202400211 | C25: 2 | D25: 199 | E25: 20035.5 | F25: 1580 | G25: 45331.856 | H25: 45331.864 | I25: 0.18 | J25: 32 | K25: E | L25: 7308 | M25: Teno | N25: MT | Q25: Falla Externa a Redes CEC - Falla Transelec Falla en transformador n°4 de línea 154kva SS/EE Itahue
B26: 202400338 | C26: 2 | D26: 3 | E26: 105 | F26: 10 | G26: 45353.406 | H26: 45353.417 | I26: 0.28 | J26: 32 | K26: E | L26: 6303 | M26: Chimbarongo | N26: MT | Q26: Opera reconectador de cabecera 52C1 por EDAC.
B27: 202400338 | C27: 2 | D27: 120 | E27: 15125.5 | F27: 931 | G27: 45353.406 | H27: 45353.417 | I27: 0.28 | J27: 32 | K27: E | L27: 7308 | M27: Teno | N27: MT | Q27: Opera reconectador de cabecera 52C1 por EDAC.
... B49: 202501326 | C49: 2 | D49: 209 | E49: 19612.5 | F49: 1676 | G49: 45949.037 | H49: 45949.05 | I49: 0.3 | J49: 32 | K49: E | L49: 7308 | M49: Teno | N49: MT | Q49: Sin Tensión en SSEE Quinta por: S/E San Fernando 52B8 de línea de 66 kV San Fernando - Teno interrupción forzada por protecciones – Afecta Alimentador 52C2 Morza asociado a SSEE Quinta.
B50: 201900577 | C50: 2 | D50: 1 | E50: 75 | F50: 45 | G50: 43598.308 | H50: 43598.38 | I50: 1.72 | J50: 33 | K50: E | L50: 7308 | M50: Teno | N50: MT | O50: 316711.23 | P50: 6143751.5 | Q50: dte 5818 operado en mt fase tys fus de 5st opera por cuenta 10845 operada en mt se repone dte 5818 y se deja cuenta abierta
B51: 201900577 | C51: 2 | D51: 1 | E51: 15 | F51: 1 | G51: 43598.37 | H51: 43598.38 | I51: 0.23 | J51: 33 | K51: E | L51: 7308 | M51: Teno | N51: MT | O51: 316965.29 | P51: 6144181.2 | Q51: dte 5818 operado en mt fase tys fus de 5st opera por cuenta 10845 operada en mt se repone dte 5818 y se deja cuenta abierta
B52: 202300538 | C52: 2 | D52: 31 | E52: 4940 | F52: 247 | G52: 45046.025 | H52: 45046.051 | I52: 0.62 | J52: 33 | K52: E | L52: 6303 | M52: Chimbarongo | N52: MT | Q52: S/E Quinta Falla externa en la línea de 66kV San Fernando - Chimbarongo (aguas arriba de nuestro sistema de distribución), y que afectó a clientes conectados al alimentador denominado 52C2 Morza en SE Quinta.
B53: 202300538 | C53: 2 | D53: 195 | E53: 19363 | F53: 1534 | G53: 45046.025 | H53: 45046.051 | I53: 0.62 | J53: 33 | K53: E | L53: 7308 | M53: Teno | N53: MT | Q53: S/E Quinta Falla externa en la línea de 66kV San Fernando - Chimbarongo (aguas arriba de nuestro sistema de distribución), y que afectó a clientes conectados al alimentador denominado 52C2 Morza en SE Quinta.
B54: 202300538 | C54: 2 | D54: 31 | E54: 4940 | F54: 247 | G54: 45046.399 | H54: 45046.4 | I54: 0.02 | J54: 33 | K54: E | L54: 6303 | M54: Chimbarongo | N54: MT | Q54: S/E Quinta Falla externa en la línea de 66kV San Fernando - Chimbarongo (aguas arriba de nuestro sistema de distribución), y que afectó a clientes conectados al alimentador denominado 52C2 Morza en SE Quinta.
B55: 202300538 | C55: 2 | D55: 195 | E55: 19363 | F55: 1534 | G55: 45046.399 | H55: 45046.4 | I55: 0.02 | J55: 33 | K55: E | L55: 7308 | M55: Teno | N55: MT | Q55: S/E Quinta Falla externa en la línea de 66kV San Fernando - Chimbarongo (aguas arriba de nuestro sistema de distribución), y que afectó a clientes conectados al alimentador denominado 52C2 Morza en SE Quinta.
B56: 202300578 | C56: 2 | D56: 24 | E56: 1105 | F56: 250 | G56: 45050.682 | H56: 45050.711 | I56: 0.69 | J56: 33 | K56: E | L56: 7308 | M56: Teno | N56: MT | Q56: Sector San Leon de Morza, operación de 1 fusible MT en fase central en DTE4056 producto del choque de un camión al poste PTE236 particular servicio 12519, el vehículo se encontraba al interior del lugar y realiza una maniobra mal y choca un poste de acometida en Media tensión provocando la operación de fusibles y al caer el poste por tensión mueve las líneas de la red Media tensión de distribución operando los fusibles asociados al sector, se realizan maniobras para aislar falla y normalización de fusibles de Media tensión con la misma capacidad 25T quedando normalizado el suministro eléctrico en la zona afectada
B57: 202300914 | C57: 2 | D57: 31 | E57: 4940 | F57: 250 | G57: 45100.988 | H57: 45100.992 | I57: 0.1 | J57: 33 | K57: E | L57: 6303 | M57: Chimbarongo | N57: MT | Q57: Sector Quinta - CGE presenta Falla en lines 154kv a las 23:42hrs entre san fernando y tingiririca a las 23:49 realizaron intento de cierre negativo.. aun mantiene la falla , realizaran tranferencia en Linea de 66kv. desde S/E Teno
B58: 202300914 | C58: 2 | D58: 196 | E58: 19848 | F58: 1538 | G58: 45100.988 | H58: 45100.992 | I58: 0.1 | J58: 33 | K58: E | L58: 7308 | M58: Teno | N58: MT | Q58: Sector Quinta - CGE presenta Falla en lines 154kv a las 23:42hrs entre san fernando y tingiririca a las 23:49 realizaron intento de cierre negativo.. aun mantiene la falla , realizaran tranferencia en Linea de 66kv. desde S/E Teno
B59: 202301144 | C59: 2 | D59: 31 | E59: 4940 | F59: 253 | G59: 45139.098 | H59: 45139.115 | I59: 0.4 | J59: 33 | K59: E | L59: 6303 | M59: Chimbarongo | N59: MT | Q59: Sector Quinta - CGE presenta Falla en lines 154kv a las 02:21hrs entre Línea de 154 kV Alto Jahuel Tinguiririca 1 interrupción forzada por protecciones, se pierden aproximadamente 150 MW, realizaran tranferencia en distribucion a las 02:45hrs. desde S/E Teno normalizando los consumos.
B60: 202301144 | C60: 2 | D60: 196 | E60: 19848 | F60: 1538 | G60: 45139.098 | H60: 45139.115 | I60: 0.4 | J60: 33 | K60: E | L60: 7308 | M60: Teno | N60: MT | Q60: Sector Quinta - CGE presenta Falla en lines 154kv a las 02:21hrs entre Línea de 154 kV Alto Jahuel Tinguiririca 1 interrupción forzada por protecciones, se pierden aproximadamente 150 MW, realizaran tranferencia en distribucion a las 02:45hrs. desde S/E Teno normalizando los consumos.
B61: 202401339 | C61: 2 | D61: 1 | E61: 75 | F61: 1 | G61: 45506.046 | H61: 45506.591 | I61: 13.1 | J61: 4 | K61: FM | L61: 6303 | M61: Chimbarongo | N61: MT | Q61: Sector Las Liras , sector sin energia poda caida de arboles cortando LMt y quebrando postes en varios tramos por viento fuerte
B62: 202401339 | C62: 2 | D62: 39 | E62: 2650 | F62: 385 | G62: 45506.046 | H62: 45506.591 | I62: 13.1 | J62: 4 | K62: FM | L62: 7308 | M62: Teno | N62: MT | Q62: Sector Las Liras , sector sin energia poda caida de arboles cortando LMt y quebrando postes en varios tramos por viento fuerte
B63: 202401339 | C63: 2 | D63: 8 | E63: 275 | F63: 26 | G63: 45506.046 | H63: 45506.652 | I63: 14.56 | J63: 4 | K63: FM | L63: 7308 | M63: Teno | N63: MT | Q63: Sector Las Liras , sector sin energia poda caida de arboles cortando LMt y quebrando postes en varios tramos por viento fuerte
... B78: 202301396 | C78: 2 | D78: 1 | E78: 30 | F78: 22 | G78: 45160.507 | H78: 45160.613 | I78: 2.55 | J78: 12 | K78: FM | L78: 7308 | M78: Teno | N78: MT | Q78: Sector Monterilla DTE3564 operado por caída de árboles en el poste TE7417 Se despeja LMT y sector sin acceso veichular por inundacion del sector y se procede a normalizar el sector.
B79: 201900695 | C79: 2 | D79: 2 | E79: 30 | F79: 7 | G79: 43616.811 | H79: 43616.854 | I79: 1.03 | J79: 13 | K79: FM | L79: 6303 | M79: Chimbarongo | N79: MT | O79: 310802.9 | P79: 6147574.9 | Q79: Reconectador 52C1 morza operado por lineas MT cortadas
B80: 201900695 | C80: 2 | D80: 1 | E80: 15 | F80: 1 | G80: 43616.811 | H80: 43616.894 | I80: 2 | J80: 13 | K80: FM | L80: 6303 | M80: Chimbarongo | N80: MT | O80: 310802.9 | P80: 6147574.9 | Q80: Reconectador 52C1 morza operado por lineas MT cortadas
B81: 201900695 | C81: 2 | D81: 11 | E81: 6740 | F81: 91 | G81: 43616.811 | H81: 43616.854 | I81: 1.03 | J81: 13 | K81: FM | L81: 7308 | M81: Teno | N81: MT | O81: 310802.9 | P81: 6147574.9 | Q81: Reconectador 52C1 morza operado por lineas MT cortadas
B82: 201900695 | C82: 2 | D82: 94 | E82: 5863 | F82: 728 | G82: 43616.811 | H82: 43616.894 | I82: 2 | J82: 13 | K82: FM | L82: 7308 | M82: Teno | N82: MT | O82: 310802.9 | P82: 6147574.9 | Q82: Reconectador 52C1 morza operado por lineas MT cortadas
B83: 202500135 | C83: 2 | D83: 24 | E83: 1720 | F83: 229 | G83: 45686.785 | H83: 45686.788 | I83: 0.08 | J83: 16 | K83: FM | L83: 7308 | M83: Teno | N83: MT | Q83: RTE898 en sector San Guillermo, se realiza apertura preventiva de emergencia de reconectador a solicitud de bomberos por incendio en terreno particular acercandose a redes CEC.
B84: 202500135 | C84: 2 | D84: 4 | E84: 255 | F84: 11 | G84: 45686.785 | H84: 45686.869 | I84: 2.02 | J84: 16 | K84: FM | L84: 7308 | M84: Teno | N84: MT | Q84: RTE898 en sector San Guillermo, se realiza apertura preventiva de emergencia de reconectador a solicitud de bomberos por incendio en terreno particular acercandose a redes CEC.
B85: 202500135 | C85: 2 | D85: 6 | E85: 1710 | F85: 17 | G85: 45686.785 | H85: 45686.869 | I85: 2.02 | J85: 16 | K85: FM | L85: 7308 | M85: Teno | N85: MT | Q85: RTE898 en sector San Guillermo, se realiza apertura preventiva de emergencia de reconectador a solicitud de bomberos por incendio en terreno particular acercandose a redes CEC.
B86: 202101685 | C86: 2 | D86: 31 | E86: 3538 | F86: 212 | G86: 44498.589 | H86: 44498.615 | I86: 0.62 | J86: 17 | K86: FM | L86: 7308 | M86: Teno | N86: MT | O86: 314831.95 | P86: 6141955.8 | Q86: San Guillermo, reconectador RTE898 opera encontrando una zapatillas en las lineas de media tensión en te7135
B87: 202301225 | C87: 2 | D87: 3 | E87: 105 | F87: 10 | G87: 45153.757 | H87: 45153.842 | I87: 2.04 | J87: 19 | K87: FM | L87: 6303 | M87: Chimbarongo | N87: MT | Q87: Sector Quinta sector sin energia producto de robo de conducto en el sector
B88: 202301225 | C88: 2 | D88: 118 | E88: 15050.5 | F88: 908 | G88: 45153.757 | H88: 45153.842 | I88: 2.04 | J88: 19 | K88: FM | L88: 7308 | M88: Teno | N88: MT | Q88: Sector Quinta sector sin energia producto de robo de conducto en el sector
B89: 201900264 | C89: 2 | D89: 1 | E89: 50 | F89: 18 | G89: 43515.628 | H89: 43515.915 | I89: 6.9 | J89: 20 | K89: FM | L89: 7308 | M89: Teno | N89: MT | O89: 314633.86 | P89: 6145748.2 | Q89: POSTE TE-6558 CHOCADO POR VEHICULO PLACA PATENTE YG 33 10
B90: 201900319 | C90: 2 | D90: 11 | E90: 325 | F90: 173 | G90: 43531.916 | H90: 43532.076 | I90: 3.83 | J90: 20 | K90: FM | L90: 7308 | M90: Teno | N90: MT | O90: 316952.71 | P90: 6144191.7 | Q90: VEHICULO DESCONOCIDO CHOCA POSTE TE-5819 PROBOCANDO CORTE DE SUMINISTRO Y QUEBRANDO CRUCETA DE MEDIA TENSION. Dte 5817 opera 3 fue MT 15 st x choque a poste te5819
B91: 202001419 | C91: 2 | D91: 1 | E91: 5 | F91: 5 | G91: 44111.83 | H91: 44111.871 | I91: 0.99 | J91: 20 | K91: FM | L91: 6303 | M91: Chimbarongo | N91: MT | O91: 310785.43 | P91: 6144688.1 | Q91: Monterilla - Operado fusible MT por choque de poste hormigón de LMT quedando sector sin energia, se realiza cambio de poste
B92: 202001419 | C92: 2 | D92: 6 | E92: 170 | F92: 67 | G92: 44111.83 | H92: 44111.958 | I92: 3.07 | J92: 20 | K92: FM | L92: 6303 | M92: Chimbarongo | N92: MT | O92: 310785.43 | P92: 6144688.1 | Q92: Monterilla - Operado fusible MT por choque de poste hormigón de LMT quedando sector sin energia, se realiza cambio de poste
B93: 202001419 | C93: 2 | D93: 1 | E93: 30 | F93: 23 | G93: 44111.83 | H93: 44111.871 | I93: 0.99 | J93: 20 | K93: FM | L93: 7308 | M93: Teno | N93: MT | O93: 310785.43 | P93: 6144688.1 | Q93: Monterilla - Operado fusible MT por choque de poste hormigón de LMT quedando sector sin energia, se realiza cambio de poste
B94: 202001605 | C94: 2 | D94: 0 | E94: 0 | F94: 36 | G94: 44159.723 | H94: 44159.815 | I94: 2.23 | J94: 20 | K94: FM | L94: 7308 | M94: Teno | N94: BT | O94: 311223.17 | P94: 6144996.7 | Q94: Monterilla - operación de fusible por caída de LMT de propiedad de CGE sobre red BT de cooperativa, producto de esto también se choca un poste y tirante del mismo, provocando la operación del LA SED 117 del sector.
B95: 202101761 | C95: 2 | D95: 75 | E95: 5548 | F95: 705 | G95: 44523.925 | H95: 44523.963 | I95: 0.9 | J95: 20 | K95: FM | L95: 7308 | M95: Teno | N95: MT | O95: 314673.84 | P95: 6145691.3 | Q95: San Guillermo - Opera reconectador por choque de vehículo a poste TE5938, se realiza reemplazo y posterior normalización del servicio eléctrico.
B96: 202101761 | C96: 2 | D96: 14 | E96: 1345 | F96: 27 | G96: 44523.925 | H96: 44524.001 | I96: 1.82 | J96: 20 | K96: FM | L96: 7308 | M96: Teno | N96: MT | O96: 314673.84 | P96: 6145691.3 | Q96: San Guillermo - Opera reconectador por choque de vehículo a poste TE5938, se realiza reemplazo y posterior normalización del servicio eléctrico.
B97: 202200305 | C97: 2 | D97: 4 | E97: 255 | F97: 11 | G97: 44618.649 | H97: 44618.924 | I97: 6.6 | J97: 20 | K97: FM | L97: 7308 | M97: Teno | N97: MT | O97: 315789.15 | P97: 6139329 | Q97: Sector El Cóndor DTE933 Fusibles Mt quemado producto de choque de vehículo desconocido a una poste TE943, se realiza cambio quedando normalizado.
B98: 202200344 | C98: 2 | D98: 1 | E98: 5 | F98: 5 | G98: 44627.009 | H98: 44627.076 | I98: 1.6 | J98: 20 | K98: FM | L98: 6303 | M98: Chimbarongo | N98: MT | O98: 310785.43 | P98: 6144688.1 | Q98: Sector Monterilla - Se produce una operación de fusible MT en DTE3564 por choque de vehículo a poste placa TE5266 quedando todo el sector sin energía. Vehículo identificado: Chevrolet Corsa Extra 1.6 año 2002 placa patente UV-4288.
B99: 202200344 | C99: 2 | D99: 6 | E99: 170 | F99: 68 | G99: 44627.009 | H99: 44627.4 | I99: 9.37 | J99: 20 | K99: FM | L99: 6303 | M99: Chimbarongo | N99: MT | O99: 310785.43 | P99: 6144688.1 | Q99: Sector Monterilla - Se produce una operación de fusible MT en DTE3564 por choque de vehículo a poste placa TE5266 quedando todo el sector sin energía. Vehículo identificado: Chevrolet Corsa Extra 1.6 año 2002 placa patente UV-4288.
B100: 202200344 | C100: 2 | D100: 1 | E100: 30 | F100: 23 | G100: 44627.009 | H100: 44627.076 | I100: 1.6 | J100: 20 | K100: FM | L100: 7308 | M100: Teno | N100: MT | O100: 310785.43 | P100: 6144688.1 | Q100: Sector Monterilla - Se produce una operación de fusible MT en DTE3564 por choque de vehículo a poste placa TE5266 quedando todo el sector sin energía. Vehículo identificado: Chevrolet Corsa Extra 1.6 año 2002 placa patente UV-4288.
B101: 202301814 | C101: 2 | D101: 21 | E101: 4630 | F101: 172 | G101: 45222.998 | H101: 45223.048 | I101: 1.21 | J101: 20 | K101: FM | L101: 6303 | M101: Chimbarongo | N101: MT | Q101: 52C2 Unifrutti Quinta, reconectador operado producto de choque de vehículo a poste TE4610, provocando la operación de reconectador de cabecera. Se realiza despeje quedando solucionada en forma provisoria la falla para normalizar con LLVV.
B102: 202301814 | C102: 2 | D102: 7 | E102: 205 | F102: 70 | G102: 45222.998 | H102: 45223.11 | I102: 2.7 | J102: 20 | K102: FM | L102: 6303 | M102: Chimbarongo | N102: MT | Q102: 52C2 Unifrutti Quinta, reconectador operado producto de choque de vehículo a poste TE4610, provocando la operación de reconectador de cabecera. Se realiza despeje quedando solucionada en forma provisoria la falla para normalizar con LLVV.
B103: 202301814 | C103: 2 | D103: 12 | E103: 560 | F103: 160 | G103: 45222.998 | H103: 45223.045 | I103: 1.14 | J103: 20 | K103: FM | L103: 7308 | M103: Teno | N103: MT | Q103: 52C2 Unifrutti Quinta, reconectador operado producto de choque de vehículo a poste TE4610, provocando la operación de reconectador de cabecera. Se realiza despeje quedando solucionada en forma provisoria la falla para normalizar con LLVV.
B104: 202301814 | C104: 2 | D104: 63 | E104: 4255 | F104: 421 | G104: 45222.998 | H104: 45223.048 | I104: 1.21 | J104: 20 | K104: FM | L104: 7308 | M104: Teno | N104: MT | Q104: 52C2 Unifrutti Quinta, reconectador operado producto de choque de vehículo a poste TE4610, provocando la operación de reconectador de cabecera. Se realiza despeje quedando solucionada en forma provisoria la falla para normalizar con LLVV.
B105: 202301814 | C105: 2 | D105: 4 | E105: 95 | F105: 60 | G105: 45222.998 | H105: 45223.11 | I105: 2.7 | J105: 20 | K105: FM | L105: 7308 | M105: Teno | N105: MT | Q105: 52C2 Unifrutti Quinta, reconectador operado producto de choque de vehículo a poste TE4610, provocando la operación de reconectador de cabecera. Se realiza despeje quedando solucionada en forma provisoria la falla para normalizar con LLVV.
B106: 202301814 | C106: 2 | D106: 12 | E106: 560 | F106: 160 | G106: 45223.11 | H106: 45223.11 | I106: 0 | J106: 20 | K106: FM | L106: 7308 | M106: Teno | N106: MT | Q106: 52C2 Unifrutti Quinta, reconectador operado producto de choque de vehículo a poste TE4610, provocando la operación de reconectador de cabecera. Se realiza despeje quedando solucionada en forma provisoria la falla para normalizar con LLVV.
B107: 202401362 | C107: 2 | D107: 7 | E107: 205 | F107: 71 | G107: 45506.43 | H107: 45506.64 | I107: 5.05 | J107: 20 | K107: FM | L107: 6303 | M107: Chimbarongo | N107: MT | Q107: Sector El Eucaliptus DTE4610 operación producto de choque a tirante te4663, se realiza normalización
B108: 202401362 | C108: 2 | D108: 0 | E108: 0 | F108: 2 | G108: 45506.43 | H108: 45506.64 | I108: 5.05 | J108: 20 | K108: FM | L108: 7308 | M108: Teno | N108: MT | Q108: Sector El Eucaliptus DTE4610 operación producto de choque a tirante te4663, se realiza normalización
B109: 202401964 | C109: 2 | D109: 42 | E109: 2455 | F109: 496 | G109: 45619.59 | H109: 45619.625 | I109: 0.85 | J109: 20 | K109: FM | L109: 7308 | M109: Teno | N109: MT | Q109: RTE5424 Morza, se encuentra reconectador operado por poste chocado TE780, se realiza reemplazo y posterior energización de la zona afectada.
B110: 202401964 | C110: 2 | D110: 53 | E110: 5257.5 | F110: 288 | G110: 45619.59 | H110: 45619.681 | I110: 2.19 | J110: 20 | K110: FM | L110: 7308 | M110: Teno | N110: MT | Q110: RTE5424 Morza, se encuentra reconectador operado por poste chocado TE780, se realiza reemplazo y posterior energización de la zona afectada.
B111: 202401964 | C111: 2 | D111: 5 | E111: 245 | F111: 49 | G111: 45619.59 | H111: 45619.772 | I111: 4.37 | J111: 20 | K111: FM | L111: 7308 | M111: Teno | N111: MT | Q111: RTE5424 Morza, se encuentra reconectador operado por poste chocado TE780, se realiza reemplazo y posterior energización de la zona afectada.
B112: 202402127 | C112: 2 | D112: 3 | E112: 105 | F112: 11 | G112: 45656.517 | H112: 45656.541 | I112: 0.57 | J112: 20 | K112: FM | L112: 6303 | M112: Chimbarongo | N112: MT | Q112: Reconectador 52C1 Morza Reconectador operado producto de choque de vehículo en TE889, se realizan maniobras de recuperación en el sector quedando normalizado por personal contratista
... B120: 202501006 | C120: 2 | D120: 81 | E120: 5230 | F120: 678 | G120: 45877.716 | H120: 45877.8 | I120: 2.03 | J120: 20 | K120: FM | L120: 7308 | M120: Teno | N120: MT | Q120: Sector Quinta - 52C2 operado por vehículo particular choca tirante en TE4172. Se realizan maniobras para aislar la zona de la falla y se repara con brigada de LLVV.
B121: 201800040 | C121: 2 | D121: 1 | E121: 15 | F121: 6 | G121: 43152.483 | H121: 43152.507 | I121: 0.58333333 | J121: 1605 | K121: FM | L121: 7308 | M121: Teno | N121: MT | O121: 314173.06 | P121: 6141808.6 | Q121: Se abre FBT170 [170]
B122: 201800043 | C122: 2 | D122: 1 | E122: 10 | F122: 7 | G122: 43153.452 | H122: 43153.708 | I122: 6.15 | J122: 1605 | K122: FM | L122: 6303 | M122: Chimbarongo | N122: MT | O122: 308460.73 | P122: 6144869.1 | Q122: Se abre DTE2427
B123: 201801768 | C123: 2 | D123: 1 | E123: 15 | F123: 32 | G123: 43463.732 | H123: 43463.815 | I123: 1.9988889 | J123: 1 | K123: I | L123: 6303 | M123: Chimbarongo | N123: MT | O123: 311230.44 | P123: 6146480 | Q123: Aviso de la actuacion de DTE1596 (Desconectadores Fusibles 2F MT (15 kV) Monopolar Intemperie Manual 2 vias 100 A).
B124: 201900690 | C124: 2 | D124: 0 | E124: 0 | F124: 27 | G124: 43616.617 | H124: 43616.752 | I124: 3.25 | J124: 1 | K124: I | L124: 7308 | M124: Teno | N124: BT | O124: 312531.48 | P124: 6141762.5 | Q124: lineas BT cortadas
B125: 201801766 | C125: 2 | D125: 2 | E125: 35 | F125: 25 | G125: 43463.728 | H125: 43463.945 | I125: 5.2097222 | J125: 4 | K125: I | L125: 7308 | M125: Teno | N125: MT | O125: 310778.23 | P125: 6144687.5 | Q125: se abre dte4479 aislar falla
B126: 202000197 | C126: 2 | D126: 1 | E126: 10 | F126: 6 | G126: 43881.694 | H126: 43881.896 | I126: 4.83 | J126: 4 | K126: I | L126: 6303 | M126: Chimbarongo | N126: MT | O126: 308894.87 | P126: 6144225.4 | Q126: Fusible MT operado en poste TE4618 Red MT cortada por caída de eucalipto en poste SED892
B127: 202101268 | C127: 2 | D127: 6 | E127: 170 | F127: 49 | G127: 44429.497 | H127: 44429.603 | I127: 2.54 | J127: 4 | K127: I | L127: 6303 | M127: Chimbarongo | N127: MT | O127: 311786.19 | P127: 6147372 | Q127: Quinta - Opera fusible MT por caída de árbol sobre la LMT, se realiza tala y posterior cierre en MT
B128: 202101731 | C128: 2 | D128: 0 | E128: 0 | F128: 19 | G128: 44517.536 | H128: 44517.606 | I128: 1.68 | J128: 4 | K128: I | L128: 6303 | M128: Chimbarongo | N128: BT | O128: 309682.01 | P128: 6145563.2 | Q128: Monterilla - opera fusible BT por caída de árbol sobre red BT en CU5657, se procede a abrir SED 530 para despeje y reparacion de red BT.
B129: 202101741 | C129: 2 | D129: 4 | E129: 65 | F129: 45 | G129: 44518.765 | H129: 44518.882 | I129: 2.8 | J129: 4 | K129: I | L129: 7308 | M129: Teno | N129: MT | O129: 311245.01 | P129: 6143651.7 | Q129: - DTE3730 Esmeralda Sur. caída de árbol en el TE3747 corta 1 LMT provocando la operación de 2 Desconectadores fusibles quedando sin energía el sector
B130: 202101741 | C130: 2 | D130: 4 | E130: 85 | F130: 28 | G130: 44518.765 | H130: 44518.882 | I130: 2.8 | J130: 4 | K130: I | L130: 7308 | M130: Teno | N130: MT | O130: 311245.01 | P130: 6143651.7 | Q130: - DTE3730 Esmeralda Sur. caída de árbol en el TE3747 corta 1 LMT provocando la operación de 2 Desconectadores fusibles quedando sin energía el sector
B131: 202200264 | C131: 2 | D131: 0 | E131: 0 | F131: 36 | G131: 44614.599 | H131: 44614.827 | I131: 5.47 | J131: 4 | K131: I | L131: 7308 | M131: Teno | N131: BT | O131: 311223.17 | P131: 6144996.7 | Q131: Sector Parque Monterilla - operacion de fusibles BT SED117 por caida de arbol TE5160, se realiza la reparacion con contratista AY G quedando normalizada la zona afectada.
B132: 202200681 | C132: 2 | D132: 2 | E132: 30 | F132: 7 | G132: 44677.635 | H132: 44677.66 | I132: 0.6 | J132: 4 | K132: I | L132: 6303 | M132: Chimbarongo | N132: MT | O132: 310802.9 | P132: 6147574.9 | Q132: Sector de Morza Operación de Reconectador producto de la caída de árboles entre el TE4793 y TE4799 cortando LMT, se realiza transferencia de cargas para acotar clientes afectados, y reparación con personal contratista
... B139: 202202005 | C139: 2 | D139: 12 | E139: 755 | F139: 16 | G139: 44916.721 | H139: 44916.886 | I139: 3.96 | J139: 4 | K139: I | L139: 7308 | M139: Teno | N139: MT | O139: 311280.63 | P139: 6143645.8 | Q139: Sector el cisne. DTE1820 operado FMT de 20T en las 3 Fases y DTE1866 con FMT de 20T también operado por líneas BT y cortadas, se reparan LBT y LMT bajando la capacidad de DTE1866 a 15T, se realiza reparación de líneas normalizado.
B140: 202300123 | C140: 2 | D140: 32 | E140: 1380 | F140: 187 | G140: 44949.638 | H140: 44949.72 | I140: 1.96 | J140: 4 | K140: I | L140: 7308 | M140: Teno | N140: MT | Q140: Sector EL Cisne opera 1 FMT 20T DTE1820 se encuentra operado por ramas en cercanías a redes CEC, se realiza despeje y posterior cierre quedando con servicio normal.
B141: 202300484 | C141: 2 | D141: 0 | E141: 0 | F141: 60 | G141: 45036.702 | H141: 45036.824 | I141: 2.95 | J141: 4 | K141: I | L141: 7308 | M141: Teno | N141: BT | Q141: Sector Las Liras Sed 716 operan 3 fusibles NH por pino que cae sobre red BT en TE3924 cortando neutro, se retira el árbol y se repara red BT, quedando con servicio normal
B142: 202301386 | C142: 2 | D142: 2 | E142: 30 | F142: 9 | G142: 45160.427 | H142: 45160.47 | I142: 1.04 | J142: 4 | K142: I | L142: 6303 | M142: Chimbarongo | N142: MT | Q142: Sector Morza, RTE 5424. Reconectador de línea operado por caída de árbol en el poste TE1541. Se despeja LMT y se procede a normalizar el sector.
B143: 202301386 | C143: 2 | D143: 1 | E143: 75 | F143: 1 | G143: 45160.427 | H143: 45160.521 | I143: 2.26 | J143: 4 | K143: I | L143: 6303 | M143: Chimbarongo | N143: MT | Q143: Sector Morza, RTE 5424. Reconectador de línea operado por caída de árbol en el poste TE1541. Se despeja LMT y se procede a normalizar el sector.
B144: 202301386 | C144: 2 | D144: 6 | E144: 6610 | F144: 7 | G144: 45160.427 | H144: 45160.47 | I144: 1.04 | J144: 4 | K144: I | L144: 7308 | M144: Teno | N144: MT | Q144: Sector Morza, RTE 5424. Reconectador de línea operado por caída de árbol en el poste TE1541. Se despeja LMT y se procede a normalizar el sector.
B145: 202301386 | C145: 2 | D145: 107 | E145: 8310.5 | F145: 815 | G145: 45160.427 | H145: 45160.521 | I145: 2.26 | J145: 4 | K145: I | L145: 7308 | M145: Teno | N145: MT | Q145: Sector Morza, RTE 5424. Reconectador de línea operado por caída de árbol en el poste TE1541. Se despeja LMT y se procede a normalizar el sector.
B146: 202301386 | C146: 2 | D146: 5 | E146: 130 | F146: 87 | G146: 45160.427 | H146: 45160.751 | I146: 7.79 | J146: 4 | K146: I | L146: 7308 | M146: Teno | N146: MT | Q146: Sector Morza, RTE 5424. Reconectador de línea operado por caída de árbol en el poste TE1541. Se despeja LMT y se procede a normalizar el sector.
B147: 202401352 | C147: 2 | D147: 9 | E147: 180 | F147: 86 | G147: 45506.309 | H147: 45506.744 | I147: 10.45 | J147: 4 | K147: I | L147: 7308 | M147: Teno | N147: MT | Q147: Sector Esmeralda Sur, sin energía producto de caída de árboles en varios puntos por fuertes vientos en el lugar fuera de la zona de seguridad
B148: 202401353 | C148: 2 | D148: 12 | E148: 750 | F148: 19 | G148: 45506.309 | H148: 45506.501 | I148: 4.61 | J148: 4 | K148: I | L148: 7308 | M148: Teno | N148: MT | Q148: Sector El cisneDTE1866, sin energía producto de caída de árboles en varios puntos por fuertes vientos en el lugar fuera de la zona de seguridad
B149: 202401373 | C149: 2 | D149: 8 | E149: 260 | F149: 161 | G149: 45506.747 | H149: 45506.895 | I149: 3.55 | J149: 4 | K149: I | L149: 7308 | M149: Teno | N149: MT | Q149: Sector El Cisne DTE5292 operado líneas cortadas por caída de árboles por fuertes vientos dañando estructuras en varios puntos
...

Sheet Digsilent Morza
A1: carga | B1: u, p.u | C1: MW | D1: MVAr | E1: MVA | F1: FP | K1: Alimentador | L1: MW | M1: MVAr | N1: MVA | O1: U,p.u | P1: FP
A2: BCTE4145 | C2: -0, | D2: -0,97191228404 | E2: 0,97191228404 | F2: -0,
A3: BCTE4180 | C3: 0, | D3: -0,31835354736 | E3: 0,31835354736 | F3: 0,
A4: CL000962_unifrutti | C4: 0,36346370585 | D4: 0,052829025317 | E4: 0,36728295821 | F4: 0,98960133524
A5: CL001721_unifrutti | C5: 0,38251459078 | D5: 0,33271352951 | E5: 0,50696716351 | F5: 0,75451551563
A6: CL002960_gabriel_lozano | C6: 0,27775883234 | D6: 0,22329631309 | E6: 0,35638632462 | F6: 0,77937567506
A7: CL007361_project_fruit | C7: 0,002192714636 | D7: 0,003289071828 | E7: 0,003952972422 | F7: 0,55470021099
A8: CL008416_neptuno | C8: 0,19237010206 | D8: 0,003260510104 | E8: 0,19239773152 | F8: 0,99985639406
A9: S0000103 | C9: -0,000451084838 | D9: 0,006223431246 | E9: 0,006239757528 | F9: -0,072292045994
A10: S0000104 | C10: -0,000179425713 | D10: 0,002475604009 | E10: 0,002482097661 | F10: -0,072287934426
A11: S0000105 | C11: -0,000460960015 | D11: 0,006360040605 | E11: 0,006376723346 | F11: -0,072287911864
A12: S0000106 | C12: -0,000154719927 | D12: 0,002134729923 | E12: 0,002140329437 | F12: -0,072287903124
A13: S0000107 | C13: -0,000280613887 | D13: 0,00387173715 | E13: 0,003881892929 | F13: -0,072287899851
... A237: S0001495 | C237: -0,00003135388 | D237: 0,000432601438 | E237: 0,000433736175 | F237: -0,072287905664

Sheet sist. zapallar
B4: INC | C4: Alimentador | D4: Trafos afectados | E4: KVA | F4: Clientes | G4: Inicio | H4: Fin | I4: Duracion | J4: Causa | K4: Calificación | L4: Comuna id | M4: Comuna | N4: Tension | O4: X | P4: Y | Q4: Descripcion
B5: 201900458 | C5: 6 | D5: 269 | E5: 22107.5 | F5: 3378 | G5: 43565.013 | H5: 43565.021 | I5: 0.18 | J5: 32 | K5: E | L5: 7301 | M5: Curicó | N5: MT | O5: 296508.02 | P5: 6125591 | Q5: operacion falla edac, informada por sts osorno S/E 52c6 curico
B6: 201900580 | C6: 6 | D6: 253 | E6: 21609.5 | F6: 3333 | G6: 43598.658 | H6: 43598.671 | I6: 0.32 | J6: 32 | K6: E | L6: 7301 | M6: Curicó | N6: MT | O6: 296508.33 | P6: 6125585.8 | Q6: falla edac | AF6: tipo | AG6: cantidad de fallas | AH6: horas de fallas
B7: 202100153 | C7: 6 | D7: 291 | E7: 25037.5 | F7: 3715 | G7: 44227.136 | H7: 44227.171 | I7: 0.83 | J7: 32 | K7: E | L7: 7301 | M7: Curicó | N7: MT | O7: 296508.33 | P7: 6125585.8 | Q7: Interrupción Línea Itahue - Teno por tormenta eléctrica | AF7: interna | AG7: =COUNTA(K104:K532) -> 429 | AH7: =SUM(I104:I532) -> 778.43611
B8: 202100153 | C8: 6 | D8: 256 | E8: 16946.5 | F8: 2624 | G8: 44227.136 | H8: 44227.171 | I8: 0.83 | J8: 32 | K8: E | L8: 7301 | M8: Curicó | N8: MT | O8: 296508.33 | P8: 6125585.8 | Q8: Interrupción Línea Itahue - Teno por tormenta eléctrica | AF8: externa | AG8: =COUNTA(K5:K24) -> 20 | AH8: =SUM(I5:I24) -> 4.21
B9: 202100153 | C9: 6 | D9: 62 | E9: 3656 | F9: 493 | G9: 44227.136 | H9: 44227.138 | I9: 0.05 | J9: 32 | K9: E | L9: 7301 | M9: Curicó | N9: MT | O9: 296508.33 | P9: 6125585.8 | Q9: Interrupción Línea Itahue - Teno por tormenta eléctrica | AF9: FM | AG9: =COUNTA(K25:K103) -> 79 | AH9: =SUM(I25:I103) -> 1310.3508
B10: 202100153 | C10: 6 | D10: 34 | E10: 2144.5 | F10: 276 | G10: 44227.136 | H10: 44227.171 | I10: 0.83 | J10: 32 | K10: E | L10: 7304 | M10: Molina | N10: MT | O10: 296508.33 | P10: 6125585.8 | Q10: Interrupción Línea Itahue - Teno por tormenta eléctrica
B11: 202100153 | C11: 6 | D11: 18 | E11: 9297 | F11: 62 | G11: 44227.136 | H11: 44227.138 | I11: 0.05 | J11: 32 | K11: E | L11: 7306 | M11: Romeral | N11: MT | O11: 296508.33 | P11: 6125585.8 | Q11: Interrupción Línea Itahue - Teno por tormenta eléctrica
B12: 202100153 | C12: 6 | D12: 27 | E12: 666 | F12: 396 | G12: 44227.136 | H12: 44227.138 | I12: 0.05 | J12: 32 | K12: E | L12: 7306 | M12: Romeral | N12: MT | O12: 296508.33 | P12: 6125585.8 | Q12: Interrupción Línea Itahue - Teno por tormenta eléctrica
B13: 202100153 | C13: 6 | D13: 160 | E13: 18381 | F13: 1721 | G13: 44227.136 | H13: 44227.138 | I13: 0.05 | J13: 32 | K13: E | L13: 7308 | M13: Teno | N13: MT | O13: 296508.33 | P13: 6125585.8 | Q13: Interrupción Línea Itahue - Teno por tormenta eléctrica
B14: 202100153 | C14: 6 | D14: 124 | E14: 15466.5 | F14: 1113 | G14: 44227.136 | H14: 44227.138 | I14: 0.05 | J14: 32 | K14: E | L14: 7308 | M14: Teno | N14: MT | O14: 296508.33 | P14: 6125585.8 | Q14: Interrupción Línea Itahue - Teno por tormenta eléctrica
B15: 202200364 | C15: 6 | D15: 208 | E15: 20938.5 | F15: 2797 | G15: 44631.66 | H15: 44631.662 | I15: 0.07 | J15: 32 | K15: E | L15: 7301 | M15: Curicó | N15: MT | O15: 296508.33 | P15: 6125585.8 | Q15: Falla Asociada a Subtransmisión SS/EE Curicó Y SS/EE Teno, sin energía por periodo de 5 minutos.
B16: 202201993 | C16: 6 | D16: 304 | E16: 26032.5 | F16: 4133 | G16: 44916.189 | H16: 44916.191 | I16: 0.06 | J16: 32 | K16: E | L16: 7301 | M16: Curicó | N16: MT | O16: 296508.33 | P16: 6125585.8 | Q16: Falla Asociada a nivel de transmisión aguas arriba SSEE Curicó Y SSEE Teno, por falla en línea 154kv Itahue - Tinguiririca de Transelec.
B17: 202300088 | C17: 6 | D17: 309 | E17: 26555 | F17: 4157 | G17: 44944.789 | H17: 44944.792 | I17: 0.08 | J17: 32 | K17: E | L17: 7301 | M17: Curicó | N17: MT | Q17: Falla Asociada a nivel de transmisión aguas arriba SSEE Curicó Y SSEE Teno, por falla en línea 154kv Itahue - Tinguiririca.
B18: 202300175 | C18: 6 | D18: 216 | E18: 21421.5 | F18: 2978 | G18: 44957.687 | H18: 44957.699 | I18: 0.28 | J18: 32 | K18: E | L18: 7301 | M18: Curicó | N18: MT | Q18: 52C6 La Obra - Zapallar, apertura de alimentador producto de falla Edac.
B19: 202500199 | C19: 6 | D19: 95 | E19: 5487.5 | F19: 1287 | G19: 45703.633 | H19: 45703.637 | I19: 0.08 | J19: 32 | K19: E | L19: 7301 | M19: Curicó | N19: MT | Q19: SSEE Curicó, se produce la ausencia de tensión de la S/E Curicó de provocando la suspensión del suministro de energía eléctrica causada Perdida de suministro por una falla por Operación automática del Cto N°2 Itahue – Tinguiririca de Transelec.
B20: 202500199 | C20: 6 | D20: 225 | E20: 22620.5 | F20: 3148 | G20: 45703.633 | H20: 45703.637 | I20: 0.08 | J20: 32 | K20: E | L20: 7301 | M20: Curicó | N20: MT | Q20: SSEE Curicó, se produce la ausencia de tensión de la S/E Curicó de provocando la suspensión del suministro de energía eléctrica causada Perdida de suministro por una falla por Operación automática del Cto N°2 Itahue – Tinguiririca de Transelec.
B21: 202500199 | C21: 6 | D21: 300 | E21: 20263 | F21: 3350 | G21: 45703.633 | H21: 45703.637 | I21: 0.08 | J21: 32 | K21: E | L21: 7301 | M21: Curicó | N21: MT | Q21: SSEE Curicó, se produce la ausencia de tensión de la S/E Curicó de provocando la suspensión del suministro de energía eléctrica causada Perdida de suministro por una falla por Operación automática del Cto N°2 Itahue – Tinguiririca de Transelec.
B22: 202500199 | C22: 6 | D22: 77 | E22: 4727.5 | F22: 606 | G22: 45703.633 | H22: 45703.637 | I22: 0.08 | J22: 32 | K22: E | L22: 7301 | M22: Curicó | N22: MT | Q22: SSEE Curicó, se produce la ausencia de tensión de la S/E Curicó de provocando la suspensión del suministro de energía eléctrica causada Perdida de suministro por una falla por Operación automática del Cto N°2 Itahue – Tinguiririca de Transelec.
B23: 202500199 | C23: 6 | D23: 37 | E23: 2224.5 | F23: 329 | G23: 45703.633 | H23: 45703.637 | I23: 0.08 | J23: 32 | K23: E | L23: 7304 | M23: Molina | N23: MT | Q23: SSEE Curicó, se produce la ausencia de tensión de la S/E Curicó de provocando la suspensión del suministro de energía eléctrica causada Perdida de suministro por una falla por Operación automática del Cto N°2 Itahue – Tinguiririca de Transelec.
B24: 202500199 | C24: 6 | D24: 19 | E24: 9607 | F24: 73 | G24: 45703.633 | H24: 45703.637 | I24: 0.08 | J24: 32 | K24: E | L24: 7306 | M24: Romeral | N24: MT | Q24: SSEE Curicó, se produce la ausencia de tensión de la S/E Curicó de provocando la suspensión del suministro de energía eléctrica causada Perdida de suministro por una falla por Operación automática del Cto N°2 Itahue – Tinguiririca de Transelec.
B25: 201800011 | C25: 6 | D25: 1 | E25: 25 | F25: 47 | G25: 43121.89 | H25: 43121.938 | I25: 1.1333333 | J25: 1701 | K25: FM | L25: 7301 | M25: Curicó | N25: MT | O25: 298723.92 | P25: 6115497.1 | Q25: Se abre DCU3293
B26: 201800019 | C26: 6 | D26: 1 | E26: 25 | F26: 4 | G26: 43139.556 | H26: 43139.729 | I26: 4.1666667 | J26: 1601 | K26: FM | L26: 7301 | M26: Curicó | N26: MT | O26: 297876.39 | P26: 6123087.7 | Q26: Se abre DCU1925
B27: 201800022 | C27: 6 | D27: 17 | E27: 495 | F27: 51 | G27: 43142.931 | H27: 43143.149 | I27: 5.2333333 | J27: 1601 | K27: FM | L27: 7301 | M27: Curicó | N27: MT | O27: 300176.96 | P27: 6121266.8 | Q27: Se abre DCU3326
B28: 201800030 | C28: 6 | D28: 1 | E28: 112 | F28: 91 | G28: 43146.759 | H28: 43146.844 | I28: 2.0333333 | J28: 1602 | K28: FM | L28: 7301 | M28: Curicó | N28: MT | O28: 298254.51 | P28: 6125753.6 | Q28: Se abre DCU5047
B29: 201800158 | C29: 6 | D29: 258 | E29: 21420 | F29: 3298 | G29: 43219.299 | H29: 43219.445 | I29: 3.5166667 | J29: 1601 | K29: FM | L29: 7301 | M29: Curicó | N29: MT | O29: 296559.35 | P29: 6125623.6 | Q29: Se abre RCU5388
B30: 201800181 | C30: 6 | D30: 258 | E30: 21420 | F30: 3298 | G30: 43235.684 | H30: 43235.711 | I30: 0.64083333 | J30: 1602 | K30: FM | L30: 7301 | M30: Curicó | N30: MT | O30: 296559.35 | P30: 6125623.6 | Q30: Se abre RCU5388
B31: 201800351 | C31: 6 | D31: 1 | E31: 15 | F31: 26 | G31: 43332.8 | H31: 43332.85 | I31: 1.1966667 | J31: 1701 | K31: FM | L31: 7301 | M31: Curicó | N31: MT | O31: 297443.29 | P31: 6121562 | Q31: Se abre FMT440
B32: 201900705 | C32: 6 | D32: 1 | E32: 25 | F32: 49 | G32: 43616.759 | H32: 43616.811 | I32: 1.26 | J32: 13 | K32: FM | L32: 7301 | M32: Curicó | N32: MT | O32: 298783.58 | P32: 6115597.2 | Q32: 1 fusible MT 2 T operado en CU 4667 a causa caida de rayo quemando equipo de medicion de voltaje UDAT quedando sin comunicacion
B33: 201900705 | C33: 6 | D33: 2 | E33: 40 | F33: 44 | G33: 43616.765 | H33: 43616.828 | I33: 1.51 | J33: 13 | K33: FM | L33: 7301 | M33: Curicó | N33: MT | O33: 298754.98 | P33: 6115628.5 | Q33: 1 fusible MT 2 T operado en CU 4667 a causa caida de rayo quemando equipo de medicion de voltaje UDAT quedando sin comunicacion
B34: 201900705 | C34: 6 | D34: 1 | E34: 15 | F34: 3 | G34: 43616.807 | H34: 43616.896 | I34: 2.12 | J34: 13 | K34: FM | L34: 7301 | M34: Curicó | N34: MT | O34: 298811.51 | P34: 6117605.5 | Q34: 1 fusible MT 2 T operado en CU 4667 a causa caida de rayo quemando equipo de medicion de voltaje UDAT quedando sin comunicacion
B35: 201900804 | C35: 6 | D35: 1 | E35: 45 | F35: 16 | G35: 43627.779 | H35: 43628.237 | I35: 10.99 | J35: 20 | K35: FM | L35: 7301 | M35: Curicó | N35: MT | O35: 297647.23 | P35: 6122278.7 | Q35: RECONECTADOR LA OBRA OPERADO POR CHOQUE DE VEHICULO PATENTE WC8018 A POSTE PLACA CU8197.
B36: 201900804 | C36: 6 | D36: 45 | E36: 2120 | F36: 475 | G36: 43627.838 | H36: 43627.901 | I36: 1.51 | J36: 20 | K36: FM | L36: 7301 | M36: Curicó | N36: MT | O36: 297753.24 | P36: 6122599.1 | Q36: RECONECTADOR LA OBRA OPERADO POR CHOQUE DE VEHICULO PATENTE WC8018 A POSTE PLACA CU8197.
... B68: 202200229 | C68: 6 | D68: 22 | E68: 915 | F68: 245 | G68: 44607.988 | H68: 44608.03 | I68: 1 | J68: 20 | K68: FM | L68: 7301 | M68: Curicó | N68: MT | O68: 297753.24 | P68: 6122599.1 | Q68: Sector Santa Cristina La Obra - Operacion de reconectador RCU5724 Producto de el choque de un vehiculo al poste CU-1606, realizando la reparacion con contratista SOELEC.
B69: 202300202 | C69: 6 | D69: 71 | E69: 5959.5 | F69: 1330 | G69: 44961.697 | H69: 44961.718 | I69: 0.49 | J69: 20 | K69: FM | L69: 7301 | M69: Curicó | N69: MT | Q69: Sector Camino Los niches RCU5455 operación de reconectador producto de choque de poste CU3428 por un camión marca Scania de nacionalidad brasileño, se realiza cambio de poste con personal contratista quedando sector normalizado
B70: 202300202 | C70: 6 | D70: 16 | E70: 515 | F70: 84 | G70: 44961.697 | H70: 44961.719 | I70: 0.53 | J70: 20 | K70: FM | L70: 7301 | M70: Curicó | N70: MT | Q70: Sector Camino Los niches RCU5455 operación de reconectador producto de choque de poste CU3428 por un camión marca Scania de nacionalidad brasileño, se realiza cambio de poste con personal contratista quedando sector normalizado
B71: 202300202 | C71: 6 | D71: 28 | E71: 1567 | F71: 90 | G71: 44961.697 | H71: 44961.968 | I71: 6.5 | J71: 20 | K71: FM | L71: 7301 | M71: Curicó | N71: MT | Q71: Sector Camino Los niches RCU5455 operación de reconectador producto de choque de poste CU3428 por un camión marca Scania de nacionalidad brasileño, se realiza cambio de poste con personal contratista quedando sector normalizado
B72: 202301065 | C72: 6 | D72: 54 | E72: 2168 | F72: 457 | G72: 45129.208 | H72: 45129.259 | I72: 1.22 | J72: 20 | K72: FM | L72: 7301 | M72: Curicó | N72: MT | Q72: Sector Los cristales DCU7433 opera en media tensión por choque de vehículo a poste CU6078, se realiza reparación de la falla quedando con servicio normal
B73: 202301065 | C73: 6 | D73: 15 | E73: 588 | F73: 95 | G73: 45129.208 | H73: 45129.346 | I73: 3.29 | J73: 20 | K73: FM | L73: 7301 | M73: Curicó | N73: MT | Q73: Sector Los cristales DCU7433 opera en media tensión por choque de vehículo a poste CU6078, se realiza reparación de la falla quedando con servicio normal
B74: 202301361 | C74: 6 | D74: 7 | E74: 974.5 | F74: 61 | G74: 45160.015 | H74: 45162.566 | I74: 61.22 | J74: 12 | K74: FM | L74: 7301 | M74: Curicó | N74: MT | Q74: Sector Parque de Zapallar, DCU5047. Se realiza apertura de emergencia de desconectadores fusibles por inundaciones en el sector, el cual estaba socavando caminos y por ende la postación, provocando arrastre de la postacion, LMT y LBT.
B75: 202301361 | C75: 6 | D75: 0 | E75: 0 | F75: 46 | G75: 45160.015 | H75: 45162.566 | I75: 61.23 | J75: 12 | K75: FM | L75: 7301 | M75: Curicó | N75: MT | Q75: Sector Parque de Zapallar, DCU5047. Se realiza apertura de emergencia de desconectadores fusibles por inundaciones en el sector, el cual estaba socavando caminos y por ende la postación, provocando arrastre de la postacion, LMT y LBT.
B76: 202301361 | C76: 6 | D76: 0 | E76: 0 | F76: 118 | G76: 45160.015 | H76: 45162.567 | I76: 61.24 | J76: 12 | K76: FM | L76: 7301 | M76: Curicó | N76: MT | Q76: Sector Parque de Zapallar, DCU5047. Se realiza apertura de emergencia de desconectadores fusibles por inundaciones en el sector, el cual estaba socavando caminos y por ende la postación, provocando arrastre de la postacion, LMT y LBT.
B77: 202301361 | C77: 6 | D77: 0 | E77: 0 | F77: 62 | G77: 45160.015 | H77: 45162.576 | I77: 61.46 | J77: 12 | K77: FM | L77: 7301 | M77: Curicó | N77: MT | Q77: Sector Parque de Zapallar, DCU5047. Se realiza apertura de emergencia de desconectadores fusibles por inundaciones en el sector, el cual estaba socavando caminos y por ende la postación, provocando arrastre de la postacion, LMT y LBT.
B78: 202301361 | C78: 6 | D78: 0 | E78: 0 | F78: 38 | G78: 45160.015 | H78: 45166.753 | I78: 161.7 | J78: 12 | K78: FM | L78: 7301 | M78: Curicó | N78: MT | Q78: Sector Parque de Zapallar, DCU5047. Se realiza apertura de emergencia de desconectadores fusibles por inundaciones en el sector, el cual estaba socavando caminos y por ende la postación, provocando arrastre de la postacion, LMT y LBT.
B79: 202301361 | C79: 6 | D79: 0 | E79: 0 | F79: 26 | G79: 45160.015 | H79: 45166.753 | I79: 161.7 | J79: 12 | K79: FM | L79: 7301 | M79: Curicó | N79: MT | Q79: Sector Parque de Zapallar, DCU5047. Se realiza apertura de emergencia de desconectadores fusibles por inundaciones en el sector, el cual estaba socavando caminos y por ende la postación, provocando arrastre de la postacion, LMT y LBT.
B80: 202301361 | C80: 6 | D80: 0 | E80: 0 | F80: 24 | G80: 45160.015 | H80: 45166.753 | I80: 161.71 | J80: 12 | K80: FM | L80: 7301 | M80: Curicó | N80: MT | Q80: Sector Parque de Zapallar, DCU5047. Se realiza apertura de emergencia de desconectadores fusibles por inundaciones en el sector, el cual estaba socavando caminos y por ende la postación, provocando arrastre de la postacion, LMT y LBT.
... B103: 202501499 | C103: 6 | D103: 11 | E103: 500 | F103: 79 | G103: 45995.622 | H103: 45995.864 | I103: 5.82 | J103: 20 | K103: FM | L103: 7301 | M103: Curicó | N103: MT | Q103: Sector Hacienda de Zapallar Se registra la operación de 3 FMT por choque de poste CU7976 de MT ocasionado por un vehículo desconocido. Se realizaron maniobras para aislar la zona afectada y ejecutar las reparaciones correspondientes. Finalizados los trabajos, la zona quedó normalizada, con el poste reemplazado y el servicio restablecido.
B104: 201800246 | C104: 6 | D104: 4 | E104: 450 | F104: 6 | G104: 43261.346 | H104: 43261.401 | I104: 1.3130556 | J104: 1105 | K104: I | L104: 7301 | M104: Curicó | N104: MT | O104: 300744.54 | P104: 6120658 | Q104: Se abre DCU3442
B105: 201800003 | C105: 6 | D105: 3 | E105: 45 | F105: 58 | G105: 43109.599 | H105: 43109.682 | I105: 2 | J105: 2701 | K105: I | L105: 7301 | M105: Curicó | N105: MT | O105: 301623.15 | P105: 6119323.9 | Q105: Se abre DCU5308
B106: 201800005 | C106: 6 | D106: 3 | E106: 45 | F106: 58 | G106: 43110.49 | H106: 43110.562 | I106: 1.75 | J106: 2701 | K106: I | L106: 7301 | M106: Curicó | N106: MT | O106: 302172.31 | P106: 6119390.1 | Q106: Se abre DCU5308
B107: 201800013 | C107: 6 | D107: 4 | E107: 2480 | F107: 10 | G107: 43128.613 | H107: 43128.705 | I107: 2.2166667 | J107: 1802 | K107: I | L107: 7301 | M107: Curicó | N107: MT | O107: 296252.88 | P107: 6123546.8 | Q107: Se abre RCU1773
B108: 201800035 | C108: 6 | D108: 1 | E108: 150 | F108: 9 | G108: 43148.365 | H108: 43148.479 | I108: 2.75 | J108: 2401 | K108: I | L108: 7301 | M108: Curicó | N108: MT | O108: 297857.76 | P108: 6122818 | Q108: Se abre FBT497 [497]
B109: 201800039 | C109: 6 | D109: 1 | E109: 10 | F109: 12 | G109: 43152.399 | H109: 43152.433 | I109: 0.81666667 | J109: 2304 | K109: I | L109: 7301 | M109: Curicó | N109: MT | O109: 302307.73 | P109: 6123815.6 | Q109: Se abre FBT759 [759]
B110: 201800044 | C110: 6 | D110: 1 | E110: 100 | F110: 69 | G110: 43154.899 | H110: 43154.948 | I110: 1.1833333 | J110: 2701 | K110: I | L110: 7301 | M110: Curicó | N110: MT | O110: 297622.67 | P110: 6122107.9 | Q110: Se abre FBT186 [186]
B111: 201800092 | C111: 6 | D111: 1 | E111: 45 | F111: 4 | G111: 43170.552 | H111: 43170.608 | I111: 1.3333333 | J111: 1802 | K111: I | L111: 7301 | M111: Curicó | N111: MT | O111: 302073.79 | P111: 6122717.7 | Q111: OPERACION POR CAIDA DE RAMA
B112: 201800093 | C112: 6 | D112: 1 | E112: 10 | F112: 12 | G112: 43172.417 | H112: 43172.528 | I112: 2.6666667 | J112: 2304 | K112: I | L112: 7301 | M112: Curicó | N112: MT | O112: 302307.73 | P112: 6123815.6 | Q112: CAMBIO DE SUBESTACION
B113: 201800095 | C113: 6 | D113: 11 | E113: 440 | F113: 23 | G113: 43175.458 | H113: 43175.647 | I113: 4.5166667 | J113: 2607 | K113: I | L113: 7301 | M113: Curicó | N113: MT | O113: 299986.74 | P113: 6118841.1 | Q113: APERTURA POR ROCE EN RED MT
B114: 201800096 | C114: 6 | D114: 1 | E114: 10 | F114: 11 | G114: 43176.665 | H114: 43176.722 | I114: 1.3666667 | J114: 1801 | K114: I | L114: 7301 | M114: Curicó | N114: MT | O114: 299115.52 | P114: 6119508.9 | Q114: ARBOL SOBRE RED BT
B115: 201800105 | C115: 6 | D115: 10 | E115: 695 | F115: 16 | G115: 43177.498 | H115: 43177.653 | I115: 3.7166667 | J115: 1101 | K115: I | L115: 7301 | M115: Curicó | N115: MT | O115: 300661.42 | P115: 6116444.5 | Q115: APERTURA POR TEMPORAL VIENTO FUERTE
... B228: 201901005 | C228: 6 | D228: 0 | E228: 0 | F228: 8 | G228: 43671.205 | H228: 43671.25 | I228: 1.08 | J228: 30 | K228: I | L228: 7301 | M228: Curicó | N228: BT | O228: 297864.51 | P228: 6121911.2 | Q228: SE operada en bt por cabana fundido en fase t se reemplaza quedando sector con energía
B229: 201901125 | C229: 6 | D229: 162 | E229: 12948 | F229: 1470 | G229: 43702.42 | H229: 43702.663 | I229: 5.83 | J229: 25 | K229: I | L229: 7301 | M229: Curicó | N229: MT | O229: 2965450,43 | P229: 6125519,556 | Q229: DESCONEXION PROGRAMADA CAMBIO DE CONDUCTOR DESNUDO A PROTEGIDO. SE INSTALA GENERACION DE RESPALDO.
B230: 201901125 | C230: 6 | D230: 193 | E230: 18341.5 | F230: 2686 | G230: 43702.42 | H230: 43702.66 | I230: 5.75 | J230: 25 | K230: I | L230: 7301 | M230: Curicó | N230: MT | O230: 2965450,43 | P230: 6125519,556 | Q230: DESCONEXION PROGRAMADA CAMBIO DE CONDUCTOR DESNUDO A PROTEGIDO. SE INSTALA GENERACION DE RESPALDO.
B231: 201901230 | C231: 6 | D231: 2 | E231: 30 | F231: 17 | G231: 43727.059 | H231: 43727.119 | I231: 1.43 | J231: 5 | K231: I | L231: 7301 | M231: Curicó | N231: MT | O231: 298207.2 | P231: 6122746.6 | Q231: CAIDA DE RAMA EN CU1176
B232: 201901331 | C232: 6 | D232: 4 | E232: 100 | F232: 4 | G232: 43750.615 | H232: 43750.67 | I232: 1.34 | J232: 30 | K232: I | L232: 7301 | M232: Curicó | N232: MT | O232: 298751.71 | P232: 6122369.2 | Q232: sector sin energía dcu 5570 y dcu 1072 presentan 2 fases operadas en mt fase 1 y 2 se recorre línea sin encontrar nada se repone quedando sector con servicio normal
B233: 201901393 | C233: 6 | D233: 2 | E233: 55 | F233: 2 | G233: 43766.726 | H233: 43766.775 | I233: 1.17 | J233: 5 | K233: I | L233: 7301 | M233: Curicó | N233: MT | O233: 297827.67 | P233: 6120880.5 | Q233: opero 2 fusibles mt de 6Ac/u fases central y lateral norte cu 3656 por ramas de arboles tocando linia mt. se repusieron fusibles normales
B234: 201901395 | C234: 6 | D234: 0 | E234: 0 | F234: 29 | G234: 43766.744 | H234: 43766.795 | I234: 1.23 | J234: 5 | K234: I | L234: 7301 | M234: Curicó | N234: BT | O234: 297668.09 | P234: 6123239 | Q234: OPERA SED 230 POR RAMAS EN RED BT
B235: 201901418 | C235: 6 | D235: 27 | E235: 1115 | F235: 425 | G235: 43774.532 | H235: 43774.542 | I235: 0.24 | J235: 30 | K235: I | L235: 7301 | M235: Curicó | N235: MT | O235: 297753.24 | P235: 6122599.1 | Q235: aislador de loza apedreado
B236: 201901418 | C236: 6 | D236: 18 | E236: 2120 | F236: 597 | G236: 43774.532 | H236: 43774.545 | I236: 0.32 | J236: 30 | K236: I | L236: 7301 | M236: Curicó | N236: MT | O236: 297753.24 | P236: 6122599.1 | Q236: aislador de loza apedreado
B237: 201901418 | C237: 6 | D237: 18 | E237: 1005 | F237: 52 | G237: 43774.532 | H237: 43774.628 | I237: 2.32 | J237: 30 | K237: I | L237: 7301 | M237: Curicó | N237: MT | O237: 297753.24 | P237: 6122599.1 | Q237: aislador de loza apedreado
B238: 201901458 | C238: 6 | D238: 6 | E238: 255 | F238: 36 | G238: 43786.524 | H238: 43786.585 | I238: 1.45 | J238: 30 | K238: I | L238: 7301 | M238: Curicó | N238: MT | O238: 303205.33 | P238: 6123574.4 | Q238: bastón fundido en dcu 6836, se recorre línea sin novedad posible sobreconsumo se repone el bastón y fusible de 10a, se cierra sin novedad quedando sector con servicio normal
B239: 201901505 | C239: 6 | D239: 0 | E239: 0 | F239: 17 | G239: 43796.51 | H239: 43796.546 | I239: 0.87 | J239: 5 | K239: I | L239: 7301 | M239: Curicó | N239: BT | O239: 299039.27 | P239: 6122168.4 | Q239: opero fusible Nh de 80 amp fase T en subestacion cu 1211, trifasico a causa de rama en lineas BT, poste falla cu 1078, se repuso fusible NH entrando normal.
B240: 201901520 | C240: 6 | D240: 1 | E240: 75 | F240: 10 | G240: 43803.299 | H240: 43803.371 | I240: 1.73 | J240: 11 | K240: I | L240: 7301 | M240: Curicó | N240: MT | O240: 299374.18 | P240: 6125946.6 | Q240: DCU 4625, opera 2 fusible de MT en arranque a condominio, y operan 2 fusibles mt en cu 6163 de 5 A. producto de ave toca red mt en cu 6510, se normaliza fusibles quedando sector cln energia normal
B241: 201901520 | C241: 6 | D241: 2 | E241: 95 | F241: 42 | G241: 43803.299 | H241: 43803.36 | I241: 1.47 | J241: 11 | K241: I | L241: 7301 | M241: Curicó | N241: MT | O241: 298715.26 | P241: 6125307.1 | Q241: DCU 4625, opera 2 fusible de MT en arranque a condominio, y operan 2 fusibles mt en cu 6163 de 5 A. producto de ave toca red mt en cu 6510, se normaliza fusibles quedando sector cln energia normal
B242: 201901543 | C242: 6 | D242: 0 | E242: 0 | F242: 12 | G242: 43809.915 | H242: 43809.948 | I242: 0.8 | J242: 11 | K242: I | L242: 7301 | M242: Curicó | N242: BT | O242: 297949.67 | P242: 6122781.2 | Q242: sed422 operada en bt supuesto pájaro choca línea se recorre sin encontrar nada se repara nh 80.ª quedando sector con energia
... B277: 202000748 | C277: 6 | D277: 0 | E277: 0 | F277: 21 | G277: 43993.898 | H277: 43994.145 | I277: 5.92 | J277: 2 | K277: I | L277: 7301 | M277: Curicó | N277: BT | O277: 303544.44 | P277: 6123303.6 | Q277: zapallar - fusible bt operador por ramas de aucalitus en SED
B278: 202000751 | C278: 6 | D278: 31 | E278: 1245 | F278: 431 | G278: 43994.334 | H278: 43994.466 | I278: 3.17 | J278: 5 | K278: I | L278: 7301 | M278: Curicó | N278: MT | O278: 2966733,75 | P278: 6119694,800 | Q278: El Maiten- Fusibles quemado dejando sector sin energia por caida de ramas en LMT
B279: 202000768 | C279: 6 | D279: 4 | E279: 450 | F279: 6 | G279: 43994.456 | H279: 43994.6 | I279: 3.45 | J279: 4 | K279: I | L279: 7301 | M279: Curicó | N279: MT | O279: 300676.5 | P279: 6120602 | Q279: Los Niches - Lineas de media tension cortadas por caida de arbol.
B280: 202000883 | C280: 6 | D280: 0 | E280: 0 | F280: 15 | G280: 44009.781 | H280: 44009.861 | I280: 1.92 | J280: 26 | K280: I | L280: 7301 | M280: Curicó | N280: BT | O280: 300298.21 | P280: 6124683.6 | Q280: Zapallar- Operacion por cabana fundida central por sobre carga del sector
B281: 202000905 | C281: 6 | D281: 15 | E281: 470 | F281: 120 | G281: 44011.428 | H281: 44011.458 | I281: 0.72 | J281: 2 | K281: I | L281: 7301 | M281: Curicó | N281: MT | O281: 301547.33 | P281: 6123663.9 | Q281: Zapallar- Operacion por caida de rama por fuerte viento
B282: 202000905 | C282: 6 | D282: 18 | E282: 543 | F282: 70 | G282: 44011.428 | H282: 44011.463 | I282: 0.85 | J282: 2 | K282: I | L282: 7301 | M282: Curicó | N282: MT | O282: 301547.33 | P282: 6123663.9 | Q282: Zapallar- Operacion por caida de rama por fuerte viento
B283: 202000869 | C283: 6 | D283: 1 | E283: 30 | F283: 23 | G283: 44013.458 | H283: 44013.538 | I283: 1.92 | J283: 23 | K283: I | L283: 7301 | M283: Curicó | N283: MT | O283: 301907.11 | P283: 6123523.2 | Q283: Zapallar- Desconexion por poda y roce en sector
B284: 202000868 | C284: 6 | D284: 2 | E284: 120 | F284: 4 | G284: 44013.583 | H284: 44013.733 | I284: 3.6 | J284: 23 | K284: I | L284: 7301 | M284: Curicó | N284: MT | O284: 302934.03 | P284: 6122513.1 | Q284: Zapallar Mantenimiento – Poda de árboles sobre LMT aguas abajo DCU-6108
B285: 202000958 | C285: 6 | D285: 1 | E285: 15 | F285: 28 | G285: 44017.032 | H285: 44017.091 | I285: 1.43 | J285: 20 | K285: I | L285: 7301 | M285: Curicó | N285: MT | O285: 296780.95 | P285: 6119487.1 | Q285: SED603 operada en MT y BT por tirante chocado en CU4654. Se realiza cierre quedando servicio normal
B286: 202000982 | C286: 6 | D286: 17 | E286: 525 | F286: 55 | G286: 44020.338 | H286: 44020.396 | I286: 1.39 | J286: 5 | K286: I | L286: 7301 | M286: Curicó | N286: MT | O286: 300125.48 | P286: 6121206.3 | Q286: Marengo - DCU3326 opera por caida de ramas en LMT, provocando operacion en fusibles de media tension.
B287: 202000988 | C287: 6 | D287: 0 | E287: 0 | F287: 15 | G287: 44020.368 | H287: 44020.499 | I287: 3.16 | J287: 4 | K287: I | L287: 7301 | M287: Curicó | N287: BT | O287: 300298.21 | P287: 6124683.6 | Q287: Zapallar - Caida de Árbol sobre LBT 3Ø en CU 7003 desprendiendo del poste HA y provoca daño en empalme de servicio 11738.
B288: 202001061 | C288: 6 | D288: 0 | E288: 0 | F288: 14 | G288: 44035.653 | H288: 44035.74 | I288: 2.08 | J288: 30 | K288: I | L288: 7301 | M288: Curicó | N288: BT | O288: 301455.39 | P288: 6123744.7 | Q288: El Porvenir- linea cortada por fatiga de materal. se repara linea quedando normal con energia el sector, SED754 operada en BT y MT fusible NH de 100A y de 2A. MT.
B289: 202001068 | C289: 6 | D289: 0 | E289: 0 | F289: 84 | G289: 44036.277 | H289: 44036.353 | I289: 1.83 | J289: 30 | K289: I | L289: 7301 | M289: Curicó | N289: BT | O289: 298004.88 | P289: 6122341.5 | Q289: Se encontró línea BT cortada, se repara quedando normal con energía.
B290: 202001063 | C290: 6 | D290: 1 | E290: 45 | F290: 29 | G290: 44040.418 | H290: 44040.552 | I290: 3.22 | J290: 23 | K290: I | L290: 7301 | M290: Curicó | N290: MT | O290: 297730.18 | P290: 6122528 | Q290: Mantenimiento – Reemplazo de poste MT chocado CU-4120
... B323: 202001567 | C323: 6 | D323: 0 | E323: 0 | F323: 43 | G323: 44152.974 | H323: 44153.01 | I323: 0.87 | J323: 30 | K323: I | L323: 7301 | M323: Curicó | N323: BT | O323: 297638.56 | P323: 6118124.4 | Q323: SED 884 operada en BT 1 fase SED 884 operada en BT 1 fase T, cabana fundido se reemplaza quedando sector con energía
B324: 202001777 | C324: 6 | D324: 32 | E324: 1290 | F324: 438 | G324: 44191.902 | H324: 44191.937 | I324: 0.84 | J324: 30 | K324: I | L324: 7301 | M324: Curicó | N324: MT | O324: 2966733,75 | P324: 6119694,800 | Q324: El Maiten.- sin energia el sectro producto de una prensa suelta en aisladores de cuchillos seccionadores , se realizan maniobras para aislar falla. clip desmontable fundido lado fuente al estribo dcu 1606, se deja como limite de zona este ultimo se traspasa carga x circuito de la mosqueta, quedando con servicio normal el sector
B325: 202001781 | C325: 6 | D325: 0 | E325: 0 | F325: 16 | G325: 44193.311 | H325: 44193.38 | I325: 1.64 | J325: 26 | K325: I | L325: 7301 | M325: Curicó | N325: BT | O325: 296311.18 | P325: 6124622 | Q325: SAN RAMON LOS NICHES - fusible nh operado de 100 afusible nh operado por carga se repone dejando con servicio normal
B326: 202100027 | C326: 6 | D326: 3 | E326: 45 | F326: 65 | G326: 44207.516 | H326: 44207.554 | I326: 0.91 | J326: 5 | K326: I | L326: 7301 | M326: Curicó | N326: MT | O326: 301641.81 | P326: 6119104.1 | Q326: Huañuñe - un Fusible MT operado en red de Media tension, producto de la caida de una rama sobre la red, se despeja zona se cambian los fusible Mt y normaliza la zona afectada. dcu3398 operado en 1 fase en mt
B327: 202100042 | C327: 6 | D327: 3 | E327: 90 | F327: 18 | G327: 44214.428 | H327: 44214.583 | I327: 3.72 | J327: 23 | K327: I | L327: 7301 | M327: Curicó | N327: MT | O327: 303177.63 | P327: 6123596.1 | Q327: desocnexion por trabajo de mantencion
B328: 202100056 | C328: 6 | D328: 0 | E328: 0 | F328: 12 | G328: 44214.573 | H328: 44214.616 | I328: 1.03 | J328: 26 | K328: I | L328: 7301 | M328: Curicó | N328: BT | O328: 298493.58 | P328: 6125586.5 | Q328: Zapallar - Nh operado en red BT por sobre carga monentanea
B329: 202100043 | C329: 6 | D329: 0 | E329: 0 | F329: 21 | G329: 44217.418 | H329: 44217.636 | I329: 5.25 | J329: 23 | K329: I | L329: 7301 | M329: Curicó | N329: BT | O329: 297505.16 | P329: 6123458.2 | Q329: desconexion por poda
B330: 202100137 | C330: 6 | D330: 35 | E330: 1103 | F330: 197 | G330: 44226.444 | H330: 44226.464 | I330: 0.47 | J330: 5 | K330: I | L330: 7301 | M330: Curicó | N330: MT | O330: 301547.33 | P330: 6123663.9 | Q330: zapallar - apertura de emergencia para retirar arbol y ramas sobre red MT del sector.
B331: 202100165 | C331: 6 | D331: 35 | E331: 1103 | F331: 197 | G331: 44227.484 | H331: 44227.637 | I331: 3.67 | J331: 13 | K331: I | L331: 7301 | M331: Curicó | N331: MT | O331: 301547.33 | P331: 6123663.9 | Q331: Fusible MT operado en DCU1492, se realiza recorrido encontrando rayo que habria efectuado la operación debido a descarga electrica en el sector, se realiza reparacion y posterior cierre sin nuevas novedades.
B332: 202100183 | C332: 6 | D332: 0 | E332: 0 | F332: 16 | G332: 44228.551 | H332: 44228.675 | I332: 2.96 | J332: 5 | K332: I | L332: 7301 | M332: Curicó | N332: BT | O332: 303100.98 | P332: 6122076.9 | Q332: Zapallar - Fusible MT quemado por caida de rama sobre linea de media tensión.
B333: 202100250 | C333: 6 | D333: 5 | E333: 480 | F333: 235 | G333: 44244.205 | H333: 44244.256 | I333: 1.23 | J333: 22 | K333: I | L333: 7301 | M333: Curicó | N333: MT | O333: 297494.27 | P333: 6121824.1 | Q333: La Obra - Poste desaplomado por camión que pasa a llevar cable telefónico quedando el sector sin energía, se aploma poste y se reemplaza bastones operados fusible 20t quedando sector con energía
B334: 202100259 | C334: 6 | D334: 1 | E334: 45 | F334: 17 | G334: 44246.704 | H334: 44246.792 | I334: 2.12 | J334: 5 | K334: I | L334: 7301 | M334: Curicó | N334: MT | O334: 299039.27 | P334: 6122168.4 | Q334: Los Niches - Lineas BT cortadas por caida de ramas sobre red BT, se despejan la red y se realiza cierre de fusibles sin problemas.
...

Sheet Digsilent Zapallar
A1: carga | B1: u, p.u | C1: MW | D1: MVAr | E1: MVA | F1: FP | K1: Alimentador | L1: MW | M1: MVAr | N1: MVA | O1: U,p.u | P1: FP
A2: BCTE1479 | B2: 0,98347538952 | C2: 0, | D2: -0,14016135121 | E2: 0,14016135121 | F2: 0, | K2: 52C10mv | L2: 5.6432048 | M2: 2.3548421 | N2: 6.1148214 | O2: 1.011 | P2: 0.92287319
A3: BCTE3779 | B3: 0,98729790123 | C3: 0, | D3: -0,28504664747 | E3: 0,28504664747 | F3: 0, | H3: Clientes | I3: 207
A4: CL002267_copefrut | B4: 0,98233609686 | C4: 14304526141 | D4: 0,26907674796 | E4: 14555400982 | F4: 0,98276414086 | H4: MVA | I4: =SUM(E2:E208) -> 14555400982
A5: CL011327_copefrut | B5: 0,98217948762 | C5: 0,61726222239 | D5: 0,17741669408 | E5: 0,64225332582 | F5: 0,96108840169
A6: CL015335_lcm | B6: 0,98357551864 | C6: 0,84395944084 | D6: 0,22957927152 | E6: 0,87462802362 | F6: 0,96493528455
A7: CL015702_agrocol | B7: 0,99136021209 | C7: 0,63260714782 | D7: 0,20093451342 | E7: 0,66375182271 | F7: 0,95307783146
A8: CL015703_sm_service | B8: 0,99077615969 | C8: 0,56449748671 | D8: 0,28419528823 | E8: 0,63200029616 | F8: 0,89319180724
A9: S0000127 | B9: 0,98199471711 | C9: 0,019974720442 | D9: 0,009377245683 | E9: 0,022066313542 | F9: 0,90521329735
A10: S0000128 | B10: 0,98474140353
A11: S0000129 | B11: 0,99666474161 | C11: 0,012760577895 | D11: 0,005990525491 | E11: 0,014096763596 | F11: 0,90521330008
A12: S0000131 | B12: 0,99793511767
A13: S0000139 | B13: 0,98655791085
A14: S0000140 | B14: 0,98626853195 | C14: 0,013650549371 | D14: 0,006408327566 | E14: 0,01507992574 | F14: 0,90521330187
A15: S0000144 | B15: 0,98817519092 | C15: 0,012452539857 | D15: 0,005845915116 | E15: 0,013756470202 | F15: 0,90521330499
A16: S0000146 | B16: 0,98840000996 | C16: 0,020758087666 | D16: 0,009745000957 | E16: 0,022931708336 | F16: 0,90521331259
A17: S0000147 | B17: 10180554608
A18: S0000148 | B18: 0,9867111094
A19: S0000149 | B19: 0,98581238357 | C19: 0,009544696088 | D19: 0,004480811584 | E19: 0,010544140357 | F19: 0,90521330001
A20: S0000151 | B20: 0,
A21: S0000152 | B21: 0,98066047252 | C21: 0,011960694232 | D21: 0,005615015786 | E21: 0,013213122598 | F21: 0,90521329408
A22: S0000153 | B22: 0,97841154613 | C22: 0,011824684357 | D22: 0,005551164818 | E22: 0,013062870702 | F22: 0,9052133047
A23: S0000155 | B23: 0,97721745327 | C23: 0,01175412342 | D23: 0,005518039425 | E23: 0,012984921119 | F23: 0,90521330952
A24: S0000157 | B24: 0,97440525657
A25: S0000158 | B25: 0,97341294189
A26: S0000159 | B26: 0,9725462455
A27: S0000160 | B27: 0,97206710977 | C27: 0,019117278395 | D27: 0,008974714132 | E27: 0,021119086794 | F27: 0,90521330691
A28: S0000161 | B28: 0,97194294027
A29: S0000175 | B29: 0,
A30: S0000177 | B30: 0,97223597125 | C30: 0,006377430181 | D30: 0,002993920747 | E30: 0,007045223712 | F30: 0,90521329649
A31: S0000179 | B31: 0,98300565546
A32: S0000183 | B32: 0,98959067986 | C32: 0,012566810989 | D32: 0,005899560221 | E32: 0,013882706841 | F32: 0,90521330839
A33: S0000184 | B33: 0,98995531833
A34: S0000287 | B34: 0,98153426996
A35: S0000288 | B35: 0,9966096418 | C35: 0,012753752886 | D35: 0,005987321659 | E35: 0,014089224014 | F35: 0,90521329443
A36: S0000290 | B36: 0,99075339036 | C36: 0,028071175004 | D36: 0,013178171657 | E36: 0,031010563915 | F36: 0,90521330346
A37: S0000291 | B37: 0,98995103015
A38: S0000297 | B38: 0,98645367021
A39: S0000298 | B39: 0,
A40: S0000315 | B40: 0,
A41: S0000316 | B41: 0,97733339624
A42: S0000317 | B42: 0,9773608365
A43: S0000318 | B43: 0,9774137939 | C43: 0,00391632772 | D43: 0,00183854221 | E43: 0,004326414251 | F43: 0,90521329977
A44: S0000319 | B44: 0,97748900603
A45: S0000320 | B45: 0,97757968616
A46: S0000321 | B46: 0,97522819698
A47: S0000329 | B47: 0,97495159423
A48: S0000338 | B48: 0,9895939052 | C48: 0,027926744044 | D48: 0,013110367845 | E48: 0,030851009351 | F48: 0,905213302
A49: S0000339 | B49: 1027849223 | C49: 0,009694479207 | D49: 0,004551127972 | E49: 0,010709607505 | F49: 0,90521330517
A50: S0000340 | B50: 0,
A51: S0000366 | B51: 0,98970078892 | C51: 0,012554795693 | D51: 0,005893919619 | E51: 0,013869433419 | F51: 0,90521330709
A52: S0000374 | B52: 0,98828472371
A53: S0000375 | B53: 10311282919
A54: S0000377 | B54: 0,98159848407 | C54: 0,019937438978 | D54: 0,009359743313 | E54: 0,022025128102 | F54: 0,90521330392
A55: S0000401 | B55: 0,99219061645 | C55: 0,021090232757 | D55: 0,009900929158 | E55: 0,023298633349 | F55: 0,90521329904
A56: S0000402 | B56: 0,98631912037 | C56: 0,004095619355 | D56: 0,001922711758 | E56: 0,004524479905 | F56: 0,90521329334
A57: S0000418 | B57: 0,98361761534 | C57: 0,013486584956 | D57: 0,00633135356 | E57: 0,014898792289 | F57: 0,90521330148
A58: S0000447 | B58: 0,
A59: S0000472 | B59: 10018338767 | C59: 0,013142892692 | D59: 0,006170005689 | E59: 0,014519111492 | F59: 0,90521329073
A60: S0000474 | B60: 0,98220686492 | C60: 0,013392452865 | D60: 0,006287162835 | E60: 0,014794803488 | F60: 0,90521329842
A61: S0000493 | B61: 0,
A62: S0000494 | B62: 0,98461067949 | C62: 0,012198447392 | D62: 0,0057266302 | E62: 0,013475771303 | F62: 0,90521329853
A63: S0000506 | B63: 0,
A64: S0000543 | B64: 0,98219176444 | C64: 0,006697768019 | D64: 0,003144305042 | E64: 0,007399104718 | F64: 0,90521330268
A65: S0000551 | B65: 0,9886510493
A66: S0000558 | B66: 0,99901161728 | C66: 0,007221173075 | D66: 0,003390020578 | E66: 0,007977316597 | F66: 0,90521329907
A67: S0000563 | B67: 0,98920682987
A68: S0000582 | B68: 0,98137891725
A69: S0000616 | B69: 10015263283
A70: S0000628 | B70: 0,98963610294 | C70: 0,008379503546 | D70: 0,003933805436 | E70: 0,009256938202 | F70: 0,9052132965
A71: S0000629 | B71: 0,
A72: S0000650 | B72: 0,
A73: S0000652 | B73: 0,98715741056
A74: S0000659 | B74: 0,98171808734
A75: S0000669 | B75: 0,97731570541
A76: S0000673 | B76: 0,
A77: S0000685 | B77: 0,98631815279 | C77: 0,004097408395 | D77: 0,001923551483 | E77: 0,004526456215 | F77: 0,90521330607
A78: S0000696 | B78: 0,97648340107 | C78: 0,007810083556 | D78: 0,003666487948 | E78: 0,008627893081 | F78: 0,90521329858
A79: S0000697 | B79: 0,98189137359 | C79: 0,13310584075 | D79: 0,062487295555 | E79: 0,1470436226 | F79: 0,90521328566
A80: S0000713 | B80: 0,98788172205
A81: S0000714 | B81: 0,98749116386
A82: S0000715 | B82: 0,97603710173 | C82: 0,007791319858 | D82: 0,003657679221 | E82: 0,008607164598 | F82: 0,90521329869
A83: S0000721 | B83: 10120651164 | C83: 0,013678454414 | D83: 0,00642142777 | E83: 0,015110752786 | F83: 0,90521330127
A84: S0000726 | B84: 0,98895807538 | C84: 0,008328015493 | D84: 0,003909633933 | E84: 0,009200058671 | F84: 0,90521330259
A85: S0000730 | B85: 0,98617862805
A86: S0000731 | B86: 0,9863786625
A87: S0000740 | B87: 0,
A88: S0000741 | B88: 0,97376423272
A89: S0000751 | B89: 0,991394172
A90: S0000774 | B90: 0,98620908948 | C90: 0,057471257838 | D90: 0,026980206679 | E90: 0,063489188292 | F90: 0,90521330299
A91: S0000779 | B91: 0,9832534192 | C91: 0,008077820268 | D91: 0,003792178737 | E91: 0,008923665158 | F91: 0,90521328676
A92: S0000782 | B92: 0,97731261402 | C92: 0,00391215936 | D92: 0,001836585315 | E92: 0,004321809399 | F92: 0,90521330291
A93: S0000785 | B93: 0,98641052915 | C93: 0,012289850559 | D93: 0,005769539755 | E93: 0,013576745403 | F93: 0,90521330363
A94: S0000788 | B94: 0,
A95: S0000798 | B95: 0,99003412562 | C95: 0,027977349357 | D95: 0,013134124537 | E95: 0,030906913537 | F95: 0,90521330521
A96: S0000802 | B96: 0,98935569069
A97: S0000803 | B97: 0,97295958707 | C97: 0,011518268921 | D97: 0,005407316835 | E97: 0,012724370094 | F97: 0,90521329039
A98: S0000817 | B98: 0,98679984215
A99: S0000819 | B99: 0,
A100: S0000826 | B100: 0,98613887496 | C100: 0,020476901962 | D100: 0,009612997969 | E100: 0,022621079637 | F100: 0,90521329181
...

Sheet sist. niches
C3: INC | D3: Alimentador | E3: Trafos afectados | F3: KVA | G3: Clientes | H3: Inicio | I3: Fin | J3: Duracion | K3: Causa | L3: Calificación | M3: Comuna id | N3: Comuna | O3: Tension | P3: X | Q3: Y | R3: Descripcion
C4: 201900581 | D4: 7 | E4: 243 | F4: 15396.5 | G4: 2486 | H4: 43598.658 | I4: 43598.671 | J4: 0.32 | K4: 32 | L4: E | M4: 7301 | N4: Curicó | O4: MT | P4: 296491.58 | Q4: 6125569.1 | R4: falla edac | AH4: tipo | AI4: cantidad de fallas | AJ4: horas de falla
C5: 202000278 | D5: 7 | E5: 250 | F5: 15971.5 | G5: 2575 | H5: 43909.685 | I5: 43909.692 | J5: 0.17 | K5: 32 | L5: E | M5: 7301 | N5: Curicó | O5: MT | P5: 296491.58 | Q5: 6125569.1 | R5: SS/EE de Poder CURICO, Operación de alimentadores de cabecera 52c6 y 52c7 por falla EDAC informada por STS Osorno. | AH5: externa | AI5: =COUNTA(L4:L33) -> 30 | AJ5: =SUM(J4:J33) -> 17.955556
C6: 202000278 | D6: 7 | E6: 277 | F6: 23047.5 | G6: 3541 | H6: 43909.685 | I6: 43909.692 | J6: 0.17 | K6: 32 | L6: E | M6: 7301 | N6: Curicó | O6: MT | P6: 296491.58 | Q6: 6125569.1 | R6: SS/EE de Poder CURICO, Operación de alimentadores de cabecera 52c6 y 52c7 por falla EDAC informada por STS Osorno. | AH6: interna | AI6: =COUNTA(L131:L529) -> 399 | AJ6: =SUM(J131:J529) -> 916.22472
C7: 202200363 | D7: 7 | E7: 267 | F7: 17436.5 | G7: 2761 | H7: 44631.66 | I7: 44631.662 | J7: 0.07 | K7: 32 | L7: E | M7: 7301 | N7: Curicó | O7: MT | P7: 296491.58 | Q7: 6125569.1 | R7: Falla Asociada a Subtransmisión SS/EE Curicó Y SS/EE Teno, sin energía por periodo de 5 minutos. | AH7: FM | AI7: =COUNTA(L34:L130) -> 97 | AJ7: =SUM(J34:J130) -> 2199.0494
C8: 202201994 | D8: 7 | E8: 285 | F8: 18521 | G8: 2998 | H8: 44916.189 | I8: 44916.191 | J8: 0.06 | K8: 32 | L8: E | M8: 7301 | N8: Curicó | O8: MT | P8: 296491.58 | Q8: 6125569.1 | R8: Falla Asociada a nivel de transmisión aguas arriba SSEE Curicó Y SSEE Teno, por falla en línea 154kv Itahue - Tinguiririca de Transelec.
C9: 202300094 | D9: 7 | E9: 286 | F9: 18531 | G9: 3033 | H9: 44944.789 | I9: 44944.792 | J9: 0.08 | K9: 32 | L9: E | M9: 7301 | N9: Curicó | O9: MT | R9: Falla Asociada a nivel de transmisión aguas arriba SSEE Curicó Y SSEE Teno, por falla en línea 154kv Itahue - Tinguiririca.
C10: 202400339 | D10: 7 | E10: 292 | F10: 18913 | G10: 3200 | H10: 45353.406 | I10: 45353.433 | J10: 0.67 | K10: 32 | L10: E | M10: 7301 | N10: Curicó | O10: MT | R10: Opera reconectador de cabecera 52C1 por EDAC.
C11: 202401263 | D11: 7 | E11: 243 | F11: 17667.5 | G11: 2953 | H11: 45495.486 | I11: 45495.488 | J11: 0.03 | K11: 32 | L11: E | M11: 7301 | N11: Curicó | O11: MT | R11: Falla a nivel de transmisión
C12: 202401263 | D12: 7 | E12: 366 | F12: 29813.5 | G12: 4647 | H12: 45495.486 | I12: 45495.488 | J12: 0.03 | K12: 32 | L12: E | M12: 7301 | N12: Curicó | O12: MT | R12: Falla a nivel de transmisión
C13: 202401263 | D13: 7 | E13: 72 | F13: 4567.5 | G13: 588 | H13: 45495.486 | I13: 45495.488 | J13: 0.03 | K13: 32 | L13: E | M13: 7301 | N13: Curicó | O13: MT | R13: Falla a nivel de transmisión
C14: 202500910 | D14: 7 | E14: 303 | F14: 20368 | G14: 3416 | H14: 45857.273 | I14: 45857.287 | J14: 0.35 | K14: 32 | L14: E | M14: 7301 | N14: Curicó | O14: MT | R14: Línea de 154 KV Itahue - Solís 1 interrupción forzada por protecciones, se pierde 59 MW de consumos correspondiente a S/E Teno, Curicó Barra Norte y Rauquén, según IF 2025004736 e IF 2025004749.
C15: 202500910 | D15: 7 | E15: 77 | F15: 4757.5 | G15: 619 | H15: 45857.273 | I15: 45857.287 | J15: 0.35 | K15: 32 | L15: E | M15: 7301 | N15: Curicó | O15: MT | R15: Línea de 154 KV Itahue - Solís 1 interrupción forzada por protecciones, se pierde 59 MW de consumos correspondiente a S/E Teno, Curicó Barra Norte y Rauquén, según IF 2025004736 e IF 2025004749.
C16: 202500910 | D16: 7 | E16: 95 | F16: 5487.5 | G16: 1299 | H16: 45857.273 | I16: 45857.287 | J16: 0.35 | K16: 32 | L16: E | M16: 7301 | N16: Curicó | O16: MT | R16: Línea de 154 KV Itahue - Solís 1 interrupción forzada por protecciones, se pierde 59 MW de consumos correspondiente a S/E Teno, Curicó Barra Norte y Rauquén, según IF 2025004736 e IF 2025004749.
C17: 202500910 | D17: 7 | E17: 225 | F17: 22620.5 | G17: 3177 | H17: 45857.273 | I17: 45857.287 | J17: 0.35 | K17: 32 | L17: E | M17: 7301 | N17: Curicó | O17: MT | R17: Línea de 154 KV Itahue - Solís 1 interrupción forzada por protecciones, se pierde 59 MW de consumos correspondiente a S/E Teno, Curicó Barra Norte y Rauquén, según IF 2025004736 e IF 2025004749.
C18: 201900581 | D18: 7 | E18: 34 | F18: 2107 | G18: 230 | H18: 43598.658 | I18: 43598.671 | J18: 0.32 | K18: 32 | L18: E | M18: 7304 | N18: Molina | O18: MT | P18: 296491.58 | Q18: 6125569.1 | R18: falla edac
C19: 202000278 | D19: 7 | E19: 35 | F19: 2164.5 | G19: 264 | H19: 43909.685 | I19: 43909.692 | J19: 0.17 | K19: 32 | L19: E | M19: 7304 | N19: Molina | O19: MT | P19: 296491.58 | Q19: 6125569.1 | R19: SS/EE de Poder CURICO, Operación de alimentadores de cabecera 52c6 y 52c7 por falla EDAC informada por STS Osorno.
C20: 202200363 | D20: 7 | E20: 35 | F20: 2169.5 | G20: 287 | H20: 44631.66 | I20: 44631.662 | J20: 0.07 | K20: 32 | L20: E | M20: 7304 | N20: Molina | O20: MT | P20: 296491.58 | Q20: 6125569.1 | R20: Falla Asociada a Subtransmisión SS/EE Curicó Y SS/EE Teno, sin energía por periodo de 5 minutos.
C21: 202201994 | D21: 7 | E21: 36 | F21: 2194.5 | G21: 296 | H21: 44916.189 | I21: 44916.191 | J21: 0.06 | K21: 32 | L21: E | M21: 7304 | N21: Molina | O21: MT | P21: 296491.58 | Q21: 6125569.1 | R21: Falla Asociada a nivel de transmisión aguas arriba SSEE Curicó Y SSEE Teno, por falla en línea 154kv Itahue - Tinguiririca de Transelec.
C22: 202300094 | D22: 7 | E22: 37 | F22: 2204.5 | G22: 299 | H22: 44944.789 | I22: 44944.792 | J22: 0.08 | K22: 32 | L22: E | M22: 7304 | N22: Molina | O22: MT | R22: Falla Asociada a nivel de transmisión aguas arriba SSEE Curicó Y SSEE Teno, por falla en línea 154kv Itahue - Tinguiririca.
C23: 202400339 | D23: 7 | E23: 37 | F23: 2204.5 | G23: 320 | H23: 45353.406 | I23: 45353.433 | J23: 0.67 | K23: 32 | L23: E | M23: 7304 | N23: Molina | O23: MT | R23: Opera reconectador de cabecera 52C1 por EDAC.
C24: 202401263 | D24: 7 | E24: 37 | F24: 2224.5 | G24: 318 | H24: 45495.486 | I24: 45495.488 | J24: 0.03 | K24: 32 | L24: E | M24: 7304 | N24: Molina | O24: MT | R24: Falla a nivel de transmisión
C25: 202500910 | D25: 7 | E25: 37 | F25: 2224.5 | G25: 336 | H25: 45857.273 | I25: 45857.287 | J25: 0.35 | K25: 32 | L25: E | M25: 7304 | N25: Molina | O25: MT | R25: Línea de 154 KV Itahue - Solís 1 interrupción forzada por protecciones, se pierde 59 MW de consumos correspondiente a S/E Teno, Curicó Barra Norte y Rauquén, según IF 2025004736 e IF 2025004749.
C26: 202401263 | D26: 7 | E26: 19 | F26: 9607 | G26: 74 | H26: 45495.486 | I26: 45495.488 | J26: 0.03 | K26: 32 | L26: E | M26: 7306 | N26: Romeral | O26: MT | R26: Falla a nivel de transmisión
C27: 202500910 | D27: 7 | E27: 19 | F27: 9632 | G27: 74 | H27: 45857.273 | I27: 45857.287 | J27: 0.35 | K27: 32 | L27: E | M27: 7306 | N27: Romeral | O27: MT | R27: Línea de 154 KV Itahue - Solís 1 interrupción forzada por protecciones, se pierde 59 MW de consumos correspondiente a S/E Teno, Curicó Barra Norte y Rauquén, según IF 2025004736 e IF 2025004749.
C28: 201801697 | D28: 7 | E28: 2 | F28: 55 | G28: 2 | H28: 43445.512 | I28: 43445.537 | J28: 0.60805556 | K28: 33 | L28: E | M28: 7301 | N28: Curicó | O28: MT | P28: 311250.33 | Q28: 6102247.3 | R28: Aviso de la actuacion de DCU4948 (Desconectadores Fusibles 3F MT (15 kV) Monopolar Intemperie Manual 3 vias 100 A).
C29: 201801756 | D29: 7 | E29: 15 | F29: 550 | G29: 69 | H29: 43462.647 | I29: 43462.737 | J29: 2.1775 | K29: 33 | L29: E | M29: 7301 | N29: Curicó | O29: MT | P29: 304222.76 | Q29: 6114666.7 | R29: Aviso de la actuacion de DCU2851 (Desconectadores Fusibles 3F MT (15 kV) Monopolar Intemperie Manual 3 vias 100 A).
C30: 201900261 | D30: 7 | E30: 0 | F30: 0 | G30: 13 | H30: 43514.883 | I30: 43514.903 | J30: 0.47 | K30: 33 | L30: E | M30: 7301 | N30: Curicó | O30: BT | P30: 304226.57 | Q30: 6114716 | R30: lineas BT cruzadas en red particular operan NH 40A. de SED 56
C31: 202401347 | D31: 7 | E31: 1 | F31: 15 | G31: 4 | H31: 45506.29 | I31: 45506.372 | J31: 1.98 | K31: 33 | L31: E | M31: 7301 | N31: Curicó | O31: MT | R31: Sector Yacal RCU6411 operado de reconectador producto de estructuras de cliente 14133 FORESTAL TRONGOL LIMITADA dañadas, ocasionando falla en red de cooperativa
C32: 202401347 | D32: 7 | E32: 20 | F32: 1468 | G32: 187 | H32: 45506.29 | I32: 45506.372 | J32: 1.98 | K32: 33 | L32: E | M32: 7304 | N32: Molina | O32: MT | R32: Sector Yacal RCU6411 operado de reconectador producto de estructuras de cliente 14133 FORESTAL TRONGOL LIMITADA dañadas, ocasionando falla en red de cooperativa
C33: 202401347 | D33: 7 | E33: 17 | F33: 756.5 | G33: 132 | H33: 45506.29 | I33: 45506.522 | J33: 5.58 | K33: 33 | L33: E | M33: 7304 | N33: Molina | O33: MT | R33: Sector Yacal RCU6411 operado de reconectador producto de estructuras de cliente 14133 FORESTAL TRONGOL LIMITADA dañadas, ocasionando falla en red de cooperativa
C34: 202000214 | D34: 7 | E34: 7 | F34: 86.5 | G34: 7 | H34: 43888.651 | I34: 43889.339 | J34: 16.5 | K34: 3 | L34: FM | M34: 7304 | N34: Molina | O34: MT | P34: 309723.94 | Q34: 6099480.4 | R34: operacion de reconectador por incendio en el sector dejando sin energia un tramo de la red
C35: 201901549 | D35: 7 | E35: 10 | F35: 95 | G35: 58 | H35: 43811.734 | I35: 43811.884 | J35: 3.61 | K35: 4 | L35: FM | M35: 7301 | N35: Curicó | O35: MT | P35: 315641.94 | Q35: 6112466.3 | R35: se realiza apertura de reconectadores monofasicos por caida de arbol a red MT.
C36: 202400781 | D36: 7 | E36: 79 | F36: 2736 | G36: 831 | H36: 45437.511 | I36: 45437.756 | J36: 5.89 | K36: 4 | L36: FM | M36: 7301 | N36: Curicó | O36: MT | R36: Sector Potrero Grande, RCU6726 Reconectador Operado Por Árbol Que Cae De Terreno Particular Que Daña Red De La Cooperativa En CU9275, Se Realiza Despeje De Punto De Falla Y Reemplazo De Poste, Quedando Con Servicio Normal.
C37: 202401330 | D37: 7 | E37: 46 | F37: 2110.5 | G37: 565 | H37: 45505.951 | I37: 45506.441 | J37: 11.75 | K37: 4 | L37: FM | M37: 7301 | N37: Curicó | O37: MT | R37: RCU6726 Potrero grande, se provoca caída de árbol en CU8090 sobre línea de media tensión, se realiza despeje de la zona para posterior realizar reparación con la zona segura.
C38: 202401330 | D38: 7 | E38: 24 | F38: 990.5 | G38: 183 | H38: 45505.951 | I38: 45506.486 | J38: 12.84 | K38: 4 | L38: FM | M38: 7301 | N38: Curicó | O38: MT | R38: RCU6726 Potrero grande, se provoca caída de árbol en CU8090 sobre línea de media tensión, se realiza despeje de la zona para posterior realizar reparación con la zona segura.
C39: 202401330 | D39: 7 | E39: 11 | F39: 150 | G39: 84 | H39: 45505.951 | I39: 45506.502 | J39: 13.22 | K39: 4 | L39: FM | M39: 7301 | N39: Curicó | O39: MT | R39: RCU6726 Potrero grande, se provoca caída de árbol en CU8090 sobre línea de media tensión, se realiza despeje de la zona para posterior realizar reparación con la zona segura.
C40: 202401354 | D40: 7 | E40: 1 | F40: 75 | G40: 87 | H40: 45506.295 | I40: 45506.401 | J40: 2.54 | K40: 4 | L40: FM | M40: 7301 | N40: Curicó | O40: MT | R40: Sector Chequenlemu sin energía producto de caída de árboles en varios puntos por fuertes vientos en el lugar fuera de la zona de seguridad sector CU6101.
C41: 202401354 | D41: 7 | E41: 12 | F41: 440 | G41: 145 | H41: 45506.295 | I41: 45506.437 | J41: 3.4 | K41: 4 | L41: FM | M41: 7301 | N41: Curicó | O41: MT | R41: Sector Chequenlemu sin energía producto de caída de árboles en varios puntos por fuertes vientos en el lugar fuera de la zona de seguridad sector CU6101.
C42: 202301295 | D42: 7 | E42: 6 | F42: 85 | G42: 25 | H42: 45159.367 | I42: 45159.485 | J42: 2.82 | K42: 6 | L42: FM | M42: 7301 | N42: Curicó | O42: MT | R42: Sector upeo, Corral de Perez, Monte oscuro sector sin energia producto de las crecida de rios y aluviones en varios puntos de la zona.
C43: 202301295 | D43: 7 | E43: 9 | F43: 385.5 | G43: 47 | H43: 45159.367 | I43: 45159.528 | J43: 3.87 | K43: 6 | L43: FM | M43: 7301 | N43: Curicó | O43: MT | R43: Sector upeo, Corral de Perez, Monte oscuro sector sin energia producto de las crecida de rios y aluviones en varios puntos de la zona.
C44: 202301295 | D44: 7 | E44: 10 | F44: 545 | G44: 104 | H44: 45159.367 | I44: 45159.543 | J44: 4.22 | K44: 6 | L44: FM | M44: 7301 | N44: Curicó | O44: MT | R44: Sector upeo, Corral de Perez, Monte oscuro sector sin energia producto de las crecida de rios y aluviones en varios puntos de la zona.
C45: 202301295 | D45: 7 | E45: 4 | F45: 60 | G45: 25 | H45: 45159.367 | I45: 45164.468 | J45: 122.43 | K45: 6 | L45: FM | M45: 7301 | N45: Curicó | O45: MT | R45: Sector upeo, Corral de Perez, Monte oscuro sector sin energia producto de las crecida de rios y aluviones en varios puntos de la zona.
C46: 202301295 | D46: 7 | E46: 0 | F46: 0 | G46: 1 | H46: 45159.367 | I46: 45164.469 | J46: 122.46 | K46: 6 | L46: FM | M46: 7301 | N46: Curicó | O46: MT | R46: Sector upeo, Corral de Perez, Monte oscuro sector sin energia producto de las crecida de rios y aluviones en varios puntos de la zona.
C47: 202301295 | D47: 7 | E47: 3 | F47: 40 | G47: 36 | H47: 45159.367 | I47: 45167.732 | J47: 200.77 | K47: 6 | L47: FM | M47: 7301 | N47: Curicó | O47: MT | R47: Sector upeo, Corral de Perez, Monte oscuro sector sin energia producto de las crecida de rios y aluviones en varios puntos de la zona.
... C67: 202301462 | D67: 7 | E67: 0 | F67: 0 | G67: 29 | H67: 45160.693 | I67: 45161.602 | J67: 21.82 | K67: 12 | L67: FM | M67: 7301 | N67: Curicó | O67: BT | R67: Sector Chequenlemu se realiza apertura de emergencia de desconectadores fusibles por inundaciones en el sector, el cual estaba socavando caminos provocando arrastre de la postacion y lineas de media y baja tensión.
C68: 202000894 | D68: 7 | E68: 36 | F68: 2165 | G68: 481 | H68: 44011.318 | I68: 44011.399 | J68: 1.95 | K68: 13 | L68: FM | M68: 7301 | N68: Curicó | O68: MT | P68: 304169.04 | Q68: 6116158.1 | R68: Los Niches - Condicion de viento fuerte y lluvia bota arbol que cae sobre la red Mt operando reconectador
C69: 202000894 | D69: 7 | E69: 106 | F69: 4306 | G69: 959 | H69: 44011.318 | I69: 44011.455 | J69: 3.3 | K69: 13 | L69: FM | M69: 7301 | N69: Curicó | O69: MT | P69: 304169.04 | Q69: 6116158.1 | R69: Linea de media tensión cortada por descarga atmosferica
C70: 202000894 | D70: 7 | E70: 15 | F70: 660 | G70: 60 | H70: 44011.318 | I70: 44011.457 | J70: 3.34 | K70: 13 | L70: FM | M70: 7301 | N70: Curicó | O70: MT | P70: 304169.04 | Q70: 6116158.1 | R70: Los Niches - Condicion de viento fuerte y lluvia bota arbol que cae sobre la red Mt operando reconectador
C71: 202000894 | D71: 7 | E71: 3 | F71: 140 | G71: 11 | H71: 44011.318 | I71: 44011.458 | J71: 3.37 | K71: 13 | L71: FM | M71: 7301 | N71: Curicó | O71: MT | P71: 302253.42 | Q71: 6111641.1 | R71: Los Niches - Condicion de viento fuerte y lluvia bota arbol que cae sobre la red Mt operando reconectador
C72: 202201201 | D72: 7 | E72: 162 | F72: 7553 | G72: 1650 | H72: 44751.586 | I72: 44751.644 | J72: 1.38 | K72: 13 | L72: FM | M72: 7301 | N72: Curicó | O72: MT | P72: 304169.04 | Q72: 6116158.1 | R72: Sector Reten Los Niches Reconectador RCU6059 abierto producto de la caída de rayo en el sector de la Cuesta de Potrero Grande afectando dos reconectadores Yacal y Potrero Grande quemando el control de los dos equipos dejando varios sectores sin energía
C73: 202000894 | D73: 7 | E73: 34 | F73: 2154.5 | G73: 272 | H73: 44011.318 | I73: 44011.455 | J73: 3.3 | K73: 13 | L73: FM | M73: 7304 | N73: Molina | O73: MT | P73: 304169.04 | Q73: 6116158.1 | R73: Linea de media tensión cortada por descarga atmosferica
C74: 202201201 | D74: 7 | E74: 36 | F74: 2194.5 | G74: 292 | H74: 44751.586 | I74: 44751.644 | J74: 1.38 | K74: 13 | L74: FM | M74: 7304 | N74: Molina | O74: MT | P74: 304169.04 | Q74: 6116158.1 | R74: Sector Reten Los Niches Reconectador RCU6059 abierto producto de la caída de rayo en el sector de la Cuesta de Potrero Grande afectando dos reconectadores Yacal y Potrero Grande quemando el control de los dos equipos dejando varios sectores sin energía
C75: 202500108 | D75: 7 | E75: 27 | F75: 3595 | G75: 331 | H75: 45680.617 | I75: 45680.619 | J75: 0.05 | K75: 16 | L75: FM | M75: 7301 | N75: Curicó | O75: MT | R75: Sector Chequenllemu, apertura de emergencia a solicitud de bomberos por incendio de pastizales en predio particular, para trabajos seguro de helicoptero en el lugar.
C76: 202500108 | D76: 7 | E76: 19 | F76: 842.5 | G76: 269 | H76: 45680.617 | I76: 45680.664 | J76: 1.13 | K76: 16 | L76: FM | M76: 7301 | N76: Curicó | O76: MT | R76: Sector Chequenllemu, apertura de emergencia a solicitud de bomberos por incendio de pastizales en predio particular, para trabajos seguro de helicoptero en el lugar.
C77: 202301859 | D77: 7 | E77: 80 | F77: 2966 | G77: 817 | H77: 45227.828 | I77: 45228.02 | J77: 4.59 | K77: 17 | L77: FM | M77: 7301 | N77: Curicó | O77: MT | R77: RCU6726 opera reconectador producto de alambre en al red MT en CU8089, se retira elemento quedando normalizado el sector.
C78: 202000391 | D78: 7 | E78: 54 | F78: 2965 | G78: 551 | H78: 43945.292 | I78: 43945.334 | J78: 1 | K78: 18 | L78: FM | M78: 7301 | N78: Curicó | O78: MT | P78: 304169.04 | Q78: 6116158.1 | R78: Cordillerilla Los Niches, Operacion de Reconectador por cliente que efectua poda de Arbol topando lineas porduciendo el corte de 1 linea de media tension
C79: 202000391 | D79: 7 | E79: 105 | F79: 4231 | G79: 951 | H79: 43945.292 | I79: 43945.399 | J79: 2.56 | K79: 18 | L79: FM | M79: 7301 | N79: Curicó | O79: MT | P79: 304169.04 | Q79: 6116158.1 | R79: Cordillerilla Los Niches, Operacion de Reconectador por cliente que efectua poda de Arbol topando lineas porduciendo el corte de 1 linea de media tension
C80: 202000391 | D80: 7 | E80: 35 | F80: 2164.5 | G80: 270 | H80: 43945.292 | I80: 43945.399 | J80: 2.56 | K80: 18 | L80: FM | M80: 7304 | N80: Molina | O80: MT | P80: 304169.04 | Q80: 6116158.1 | R80: Cordillerilla Los Niches, Operacion de Reconectador por cliente que efectua poda de Arbol topando lineas porduciendo el corte de 1 linea de media tension
C81: 201900372 | D81: 7 | E81: 241 | F81: 15121.5 | G81: 2482 | H81: 43548.253 | I81: 43548.314 | J81: 1.48 | K81: 20 | L81: FM | M81: 7301 | N81: Curicó | O81: MT | P81: 298024.37 | Q81: 6122896 | R81: Reconectador operado por poste chocado en cu-2920
C82: 201900753 | D82: 7 | E82: 18 | F82: 660 | G82: 221 | H82: 43621.29 | I82: 43621.356 | J82: 1.58 | K82: 20 | L82: FM | M82: 7301 | N82: Curicó | O82: MT | P82: 306018.13 | Q82: 6115599 | R82: CHOQUE DE VEHICULO DESCONOCIDO A TIRANTE
C83: 202000232 | D83: 7 | E83: 246 | F83: 15666.5 | G83: 2519 | H83: 43894.75 | I83: 43894.757 | J83: 0.17 | K83: 20 | L83: FM | M83: 7301 | N83: Curicó | O83: MT | P83: 302185.23 | Q83: 6117707 | R83: Villa Santa Elena de Los Niches, Vehículo desconocido topa tirante de poste CU432, producto de lo anterior opera fusibles del poste Equipo ICU6052
C84: 202001698 | D84: 7 | E84: 39 | F84: 2060 | G84: 209 | H84: 44176.028 | I84: 44176.07 | J84: 1.01 | K84: 20 | L84: FM | M84: 7301 | N84: Curicó | O84: MT | P84: 304169.04 | Q84: 6116158.1 | R84: Cordillerilla -Operacion de reconectador los niches por choque de un vehiculo desconocido a un tirante del poste CU-6131 quebando el tirante en la base produciendo el remezon del poste y soltando una prensa del la red MT
C85: 202001698 | D85: 7 | E85: 116 | F85: 5116 | G85: 1306 | H85: 44176.028 | I85: 44176.114 | J85: 2.07 | K85: 20 | L85: FM | M85: 7301 | N85: Curicó | O85: MT | P85: 304169.04 | Q85: 6116158.1 | R85: Cordillerilla -Operacion de reconectador los niches por choque de un vehiculo desconocido a un tirante del poste CU-6131 quebando el tirante en la base produciendo el remezon del poste y soltando una prensa del la red MT
C86: 202100521 | D86: 7 | E86: 1 | F86: 15 | G86: 19 | H86: 44317.412 | I86: 44317.689 | J86: 6.65 | K86: 20 | L86: FM | M86: 7301 | N86: Curicó | O86: MT | P86: 304215.6 | Q86: 6119710.4 | R86: Zapallar- Sector sin energia producto de accidente vehicular,conductor choca poste en cu5544 sector rincon de zapallar, dejando sector sin energia electrica
C87: 202100521 | D87: 7 | E87: 9 | F87: 473 | G87: 43 | H87: 44317.471 | I87: 44317.689 | J87: 5.23 | K87: 20 | L87: FM | M87: 7301 | N87: Curicó | O87: MT | P87: 304549.38 | Q87: 6119385.1 | R87: Zapallar- Sector sin energia producto de accidente vehicular,conductor choca poste en cu5544 sector rincon de zapallar, dejando sector sin energia electrica
C88: 202100646 | D88: 7 | E88: 53 | F88: 2890 | G88: 563 | H88: 44339.226 | I88: 44339.282 | J88: 1.34 | K88: 20 | L88: FM | M88: 7301 | N88: Curicó | O88: MT | P88: 304169.04 | Q88: 6116158.1 | R88: Rte6059 Reten los niches - operacion de reconectadore por choque de vehiculo tirante del poste cu2830 dejando el sector sin energia.
C89: 202100646 | D89: 7 | E89: 102 | F89: 4246 | G89: 976 | H89: 44339.226 | I89: 44339.381 | J89: 3.7 | K89: 20 | L89: FM | M89: 7301 | N89: Curicó | O89: MT | P89: 304169.04 | Q89: 6116158.1 | R89: Rte6059 Reten los niches - operacion de reconectadore por choque de vehiculo tirante del poste cu2830 dejando el sector sin energia.
... C103: 202201877 | D103: 7 | E103: 168 | F103: 7865.5 | G103: 1657 | H103: 44892.757 | I103: 44892.873 | J103: 2.78 | K103: 20 | L103: FM | M103: 7301 | N103: Curicó | O103: MT | P103: 302185.23 | Q103: 6117707 | R103: Sector Los Niches ICU6052 operación de intelliRupter producto de choque de un vehículo a un tirante de poste cu3151 provocando la operación de equipo y falla en un reconectador cercano del lugar, producto del choque del tirante falla el reconectador reten los niches cu6059 imposibilitando alimentar, se realizan maniobras para aislar la zona afectada y normalizar por otro tramo.
C104: 202301870 | D104: 7 | E104: 6 | F104: 85 | G104: 25 | H104: 45228.594 | I104: 45228.626 | J104: 0.77 | K104: 20 | L104: FM | M104: 7301 | N104: Curicó | O104: MT | R104: Sector Upeo, Reconectador RCU7074 operado producto de choque de un vehículo a un poste CU648, se realiza reparación quedando normalizado.
C105: 202301870 | D105: 7 | E105: 29 | F105: 1055.5 | G105: 232 | H105: 45228.594 | I105: 45228.761 | J105: 4 | K105: 20 | L105: FM | M105: 7301 | N105: Curicó | O105: MT | R105: Sector Upeo, Reconectador RCU7074 operado producto de choque de un vehículo a un poste CU648, se realiza reparación quedando normalizado.
C106: 202400440 | D106: 7 | E106: 12 | F106: 425 | G106: 26 | H106: 45380.93 | I106: 45381.15 | J106: 5.28 | K106: 20 | L106: FM | M106: 7301 | N106: Curicó | O106: MT | R106: Sector rincón de Zapallar vehículo desconocido choca Poste CU5923 operando FMT DCU2923 se realiza el cambio de poste y reparación de estructura con personal contratista quedando el sector normalizado.
C107: 202400443 | D107: 7 | E107: 289 | F107: 18755.5 | G107: 3190 | H107: 45381.645 | I107: 45381.676 | J107: 0.75 | K107: 20 | L107: FM | M107: 7301 | N107: Curicó | O107: MT | R107: Sector Camino Los niches Reconectador de línea Pasado La Obra operado RCU5365 producto de choque de vehículo desconocido a tirante MT en CU5956, se realiza recorrido sector quedando sector normalizado
C108: 202401569 | D108: 7 | E108: 1 | F108: 15 | G108: 4 | H108: 45525.683 | I108: 45525.691 | J108: 0.19 | K108: 20 | L108: FM | M108: 7301 | N108: Curicó | O108: MT | R108: Sector yacal RCU6411 operado, se realiza apertura de emergencia de reconectador por corte de líneas en poste MT CU9903, se identifica poste chocado, se realiza reemplazo del poste quedando con servicio normal el sector.
C109: 202401736 | D109: 7 | E109: 3 | F109: 435 | G109: 196 | H109: 45559.44 | I109: 45559.586 | J109: 3.52 | K109: 20 | L109: FM | M109: 7301 | N109: Curicó | O109: MT | R109: DCU6801 abierto en media tensión por reemplazo de poste chocado placa CU6801 por vehiculo placa patente RJYF95, se realiza reparacion y posterior energización de la zona afectada.
C110: 202500237 | D110: 7 | E110: 3 | F110: 435 | G110: 195 | H110: 45712.512 | I110: 45712.674 | J110: 3.9 | K110: 20 | L110: FM | M110: 7301 | N110: Curicó | O110: MT | R110: DCU10404 Sector villa El Manzano, se realiza maniobras de desenergización por cambio de poste chocado cu10404 el dia anterior 23 febrero.
C111: 202500391 | D111: 7 | E111: 1 | F111: 50 | G111: 25 | H111: 45751.515 | I111: 45751.709 | J111: 4.66 | K111: 20 | L111: FM | M111: 7301 | N111: Curicó | O111: MT | R111: Se realiza apertura de SED’s 67 – 718 por reemplazo de poste chocado CU2940, en sector Cordillerilla.
C112: 202500391 | D112: 7 | E112: 1 | F112: 10 | G112: 17 | H112: 45751.516 | I112: 45751.709 | J112: 4.64 | K112: 20 | L112: FM | M112: 7301 | N112: Curicó | O112: MT | R112: Se realiza apertura de SED’s 67 – 718 por reemplazo de poste chocado CU2940, en sector Cordillerilla.
C113: 201900372 | D113: 7 | E113: 34 | F113: 2107 | G113: 230 | H113: 43548.253 | I113: 43548.314 | J113: 1.48 | K113: 20 | L113: FM | M113: 7304 | N113: Molina | O113: MT | P113: 298024.37 | Q113: 6122896 | R113: Reconectador operado por poste chocado en cu-2920
C114: 202000232 | D114: 7 | E114: 35 | F114: 2164.5 | G114: 233 | H114: 43894.75 | I114: 43894.757 | J114: 0.17 | K114: 20 | L114: FM | M114: 7304 | N114: Molina | O114: MT | P114: 302185.23 | Q114: 6117707 | R114: Villa Santa Elena de Los Niches, Vehículo desconocido topa tirante de poste CU432, producto de lo anterior opera fusibles del poste Equipo ICU6052
C115: 202000265 | D115: 7 | E115: 11 | F115: 186.5 | G115: 103 | H115: 43906.672 | I115: 43906.704 | J115: 0.76 | K115: 20 | L115: FM | M115: 7304 | N115: Molina | O115: MT | P115: 307398.02 | Q115: 6103304.2 | R115: Alupenhue Molina, Sector sin Energía por un Choque de un Vehículo desconocido a un poste de cooperativa, productor de lo anterior se coordina con contratista para el cambio del poste y la Normalización del sector afectado.
C116: 202001698 | D116: 7 | E116: 34 | F116: 2144.5 | G116: 276 | H116: 44176.028 | I116: 44176.114 | J116: 2.07 | K116: 20 | L116: FM | M116: 7304 | N116: Molina | O116: MT | P116: 304169.04 | Q116: 6116158.1 | R116: Cordillerilla -Operacion de reconectador los niches por choque de un vehiculo desconocido a un tirante del poste CU-6131 quebando el tirante en la base produciendo el remezon del poste y soltando una prensa del la red MT
C117: 202100646 | D117: 7 | E117: 34 | F117: 2144.5 | G117: 279 | H117: 44339.226 | I117: 44339.381 | J117: 3.7 | K117: 20 | L117: FM | M117: 7304 | N117: Molina | O117: MT | P117: 304169.04 | Q117: 6116158.1 | R117: Rte6059 Reten los niches - operacion de reconectadore por choque de vehiculo tirante del poste cu2830 dejando el sector sin energia.
C118: 202101048 | D118: 7 | E118: 6 | F118: 128 | G118: 35 | H118: 44393.691 | I118: 44394.224 | J118: 12.8 | K118: 20 | L118: FM | M118: 7304 | N118: Molina | O118: MT | P118: 307340.85 | Q118: 6103339.7 | R118: Yacal - Sector sin energía producto del choque de un vehículo a un poste CU-159 y por tensión quiebra un 2do poste en el CU-5908 quedando el sector sin energía, se coordina reparación con contratista
C119: 202101048 | D119: 7 | E119: 3 | F119: 225 | G119: 2 | H119: 44393.691 | I119: 44394.224 | J119: 12.8 | K119: 20 | L119: FM | M119: 7304 | N119: Molina | O119: MT | P119: 306916.25 | Q119: 6103279.4 | R119: Yacal - Sector sin energía producto del choque de un vehículo a un poste CU-159 y por tensión quiebra un 2do poste en el CU-5908 quedando el sector sin energía, se coordina reparación con contratista
C120: 202200529 | D120: 7 | E120: 35 | F120: 2169.5 | G120: 291 | H120: 44664.483 | I120: 44664.492 | J120: 0.21 | K120: 20 | L120: FM | M120: 7304 | N120: Molina | O120: MT | P120: 302185.23 | Q120: 6117707 | R120: Sector de Los Niches RCU6052 intelliRupter N/C Opera por choque de vehículo a tirante del poste CU-2705 en sector entrada Villa sta Elena, se realiza despeje y posterior cierre quedando con servicio normal.
C121: 202201461 | D121: 7 | E121: 36 | F121: 2194.5 | G121: 291 | H121: 44791.535 | I121: 44791.561 | J121: 0.62 | K121: 20 | L121: FM | M121: 7304 | N121: Molina | O121: MT | P121: 304169.04 | Q121: 6116158.1 | R121: Sector Retén Los Niches RTE6599 Reconectador Operado producto de choque de vehículo a tirante en CU6112 quebrando cruceta en CU6113, se realiza reparación y posterior cierre quedando con servicio normal en el sector.
C122: 202201664 | D122: 7 | E122: 36 | F122: 2194.5 | G122: 291 | H122: 44844.003 | I122: 44844.052 | J122: 1.17 | K122: 20 | L122: FM | M122: 7304 | N122: Molina | O122: MT | P122: 304169.04 | Q122: 6116158.1 | R122: Sector Los Niches RCU6059 operación de reconectador de línea producto de choque a poste CU6114 dejando todo el sector sin energía, se procede a realizar transferencias de carga y reparación para normalizar.
C123: 202201877 | D123: 7 | E123: 36 | F123: 2194.5 | G123: 288 | H123: 44892.757 | I123: 44892.873 | J123: 2.78 | K123: 20 | L123: FM | M123: 7304 | N123: Molina | O123: MT | P123: 302185.23 | Q123: 6117707 | R123: Sector Los Niches ICU6052 operación de intelliRupter producto de choque de un vehículo a un tirante de poste cu3151 provocando la operación de equipo y falla en un reconectador cercano del lugar, producto del choque del tirante falla el reconectador reten los niches cu6059 imposibilitando alimentar, se realizan maniobras para aislar la zona afectada y normalizar por otro tramo.
C124: 202400443 | D124: 7 | E124: 37 | F124: 2204.5 | G124: 318 | H124: 45381.645 | I124: 45381.676 | J124: 0.75 | K124: 20 | L124: FM | M124: 7304 | N124: Molina | O124: MT | R124: Sector Camino Los niches Reconectador de línea Pasado La Obra operado RCU5365 producto de choque de vehículo desconocido a tirante MT en CU5956, se realiza recorrido sector quedando sector normalizado
C125: 202401228 | D125: 7 | E125: 11 | F125: 418 | G125: 51 | H125: 45487.449 | I125: 45487.742 | J125: 7.04 | K125: 20 | L125: FM | M125: 7304 | N125: Molina | O125: MT | R125: Sector El Yacal DCU160 operado por poste de media tensión CU148 chocado por vehiculo placa patente ZB1218 Marca Mitsubishi modelo L200, se realiza reemplazo de poste quedando el sector con servicio normal.
C126: 202401569 | D126: 7 | E126: 20 | F126: 1468 | G126: 188 | H126: 45525.683 | I126: 45525.691 | J126: 0.19 | K126: 20 | L126: FM | M126: 7304 | N126: Molina | O126: MT | R126: Sector yacal RCU6411 operado, se realiza apertura de emergencia de reconectador por corte de líneas en poste MT CU9903, se identifica poste chocado, se realiza reemplazo del poste quedando con servicio normal el sector.
C127: 202401569 | D127: 7 | E127: 17 | F127: 756.5 | G127: 132 | H127: 45525.683 | I127: 45525.875 | J127: 4.61 | K127: 20 | L127: FM | M127: 7304 | N127: Molina | O127: MT | R127: Sector yacal RCU6411 operado, se realiza apertura de emergencia de reconectador por corte de líneas en poste MT CU9903, se identifica poste chocado, se realiza reemplazo del poste quedando con servicio normal el sector.
C128: 201900249 | D128: 7 | E128: 27 | F128: 435.5 | G128: 189 | H128: 43511.458 | I128: 43511.57 | J128: 2.7 | K128: 21 | L128: FM | M128: 7301 | N128: Curicó | O128: MT | P128: 311517.86 | Q128: 6105080.7 | R128: poste CU-591 quebrado y lineas MT cortadas debido Maquinaria que realiza trabajos viales
C129: 201800038 | D129: 7 | E129: 8 | F129: 233 | G129: 29 | H129: 43151.435 | I129: 43151.667 | J129: 5.5666667 | K129: 1601 | L129: FM | M129: 7301 | N129: Curicó | O129: MT | P129: 304312.25 | Q129: 6119712.7 | R129: Se abre DCU5547
C130: 201800378 | D130: 7 | E130: 1 | F130: 15 | G130: 26 | H130: 43343.725 | I130: 43343.905 | J130: 4.3327778 | K130: 1601 | L130: FM | M130: 7301 | N130: Curicó | O130: MT | P130: 309516.61 | Q130: 6104408.8 | R130: Se abre FMT74
C131: 201900687 | D131: 7 | E131: 3 | F131: 32.5 | G131: 35 | H131: 43616.586 | I131: 43616.693 | J131: 2.57 | K131: 1 | L131: I | M131: 7301 | N131: Curicó | O131: MT | P131: 305787.6 | Q131: 6106570.3 | R131: fuerte viento bota arbol sobre la red MT y bt cortando lineas
C132: 202200401 | D132: 7 | E132: 80 | F132: 2863.5 | G132: 740 | H132: 44643.574 | I132: 44643.607 | J132: 0.78 | K132: 1 | L132: I | M132: 7301 | N132: Curicó | O132: MT | P132: 307085.33 | Q132: 6104906.4 | R132: Sector Potrero Grande - Opera reconectador RCU6726 en media tensión por ramas sobre la red en CU238, se realiza despeje de red quedando con servicio normal.
C133: 202000682 | D133: 7 | E133: 213 | F133: 12716.5 | G133: 2102 | H133: 43993.762 | I133: 43993.841 | J133: 1.9 | K133: 2 | L133: I | M133: 7301 | N133: Curicó | O133: MT | P133: 302185.23 | Q133: 6117707 | R133: Los niches - Operacion por caida de arbol que topa lmt desprendiendo la red del aislador
C134: 202000682 | D134: 7 | E134: 41 | F134: 3730 | G134: 490 | H134: 43993.762 | I134: 43993.841 | J134: 1.91 | K134: 2 | L134: I | M134: 7301 | N134: Curicó | O134: MT | P134: 302185.23 | Q134: 6117707 | R134: Los niches - Operacion por caida de arbol que topa lmt desprendiendo la red del aislador
...

Sheet DigSilent niches
A1: carga | B1: u, p.u | C1: MW | D1: MVAr | E1: MVA | F1: FP | K1: Alimentador | L1: MW | M1: MVAr | N1: MVA | O1: U,p.u | P1: FP
A2: BCCU2924 | C2: 0, | D2: -0,31063642929 | E2: 0,31063642929 | F2: 0,
A3: C00052_alborada | C3: 0,007961420806 | D3: 0,019903551084 | E3: 0,021436780705 | F3: 0,37139069132
A4: C00704_terramater | C4: 0,083185355413 | D4: 0,015844830929 | E4: 0,084680942498 | F4: 0,98233856354
A5: C03386_frutasol | C5: 0,015486166504 | D5: -0,07536600659 | E5: 0,07694060243 | F5: 0,2012743079
A6: C10622_andes | C6: 0,13931015063 | D6: 0,01194086923 | E6: 0,13982096562 | F6: 0,99634664954
A7: S0000039 | C7: 0,002802511338 | D7: 0,000538421325 | E7: 0,002853763712 | F7: 0,98204042834
A8: S0000040 | C8: 0,00030926328 | D8: 0,000059415965 | E8: 0,00031491909 | F8: 0,98204043443
A9: S0000042 | C9: 0,002780310072 | D9: 0,000534155898 | E9: 0,00283115641 | F9: 0,9820404347
A10: S0000045 | C10: 0,006350571473 | D10: 0,001220078414 | E10: 0,006466710862 | F10: 0,98204042344
A11: S0000046 | C11: 0,000604769902 | D11: 0,000116206997 | E11: 0,000615833339 | F11: 0,98203501565
A12: S0000047 | C12: 0,004566046149 | D12: 0,000877368746 | E12: 0,00464957561 | F12: 0,98203503549
A13: S0000048 | C13: 0,001826591629 | D13: 0,000350980771 | E13: 0,001860006581 | F13: 0,98203503565
... A346: SSSS1209 | C346: 0,004274495765 | D346: 0,000821218211 | E346: 0,004352667389 | F346: 0,98204052445

Sheet sist.industrial
C4: INC | D4: Alimentador | E4: Trafos afectados | F4: KVA | G4: Clientes | H4: Inicio | I4: Fin | J4: Duracion | K4: Causa | L4: Calificación | M4: Comuna id | N4: Comuna | O4: Tension | P4: X | Q4: Y | R4: Descripcion
C5: 202200367 | D5: 8 | E5: 155 | F5: 8724 | G5: 1535 | H5: 44631.66 | I5: 44631.662 | J5: 0.07 | K5: 32 | L5: E | M5: 7301 | N5: Curicó | O5: MT | P5: 296512.97 | Q5: 6125541.7 | R5: Falla Asociada a Subtransmisión SS/EE Curicó Y SS/EE Teno, sin energía por periodo de 5 minutos. | AG5: tipo | AH5: cantidad de fallas | AI5: horas de falla
C6: 202200367 | D6: 8 | E6: 19 | F6: 9597 | G6: 63 | H6: 44631.66 | I6: 44631.662 | J6: 0.07 | K6: 32 | L6: E | M6: 7306 | N6: Romeral | O6: MT | P6: 296512.97 | Q6: 6125541.7 | R6: Falla Asociada a Subtransmisión SS/EE Curicó Y SS/EE Teno, sin energía por periodo de 5 minutos. | AG6: interna | AH6: =COUNTA(L72:L183) -> 112 | AI6: =SUM(J72:J183) -> 177.69278
C7: 202201995 | D7: 8 | E7: 71 | F7: 4273 | G7: 545 | H7: 44916.189 | I7: 44916.191 | J7: 0.06 | K7: 32 | L7: E | M7: 7301 | N7: Curicó | O7: MT | P7: 296506.73 | Q7: 6125585.8 | R7: Falla Asociada a nivel de transmisión aguas arriba SSEE Curicó Y SSEE Teno, por falla en línea 154kv Itahue - Tinguiririca de Transelec. | AG7: externa | AH7: =COUNTA(L5:L29) -> 25 | AI7: =SUM(J5:J29) -> 8.07
C8: 202201995 | D8: 8 | E8: 19 | F8: 9597 | G8: 72 | H8: 44916.189 | I8: 44916.191 | J8: 0.06 | K8: 32 | L8: E | M8: 7306 | N8: Romeral | O8: MT | P8: 296506.73 | Q8: 6125585.8 | R8: Falla Asociada a nivel de transmisión aguas arriba SSEE Curicó Y SSEE Teno, por falla en línea 154kv Itahue - Tinguiririca de Transelec. | AG8: FM | AH8: =COUNTA(L30:L71) -> 42 | AI8: =SUM(J30:J71) -> 111.75972
C9: 202300095 | D9: 8 | E9: 71 | F9: 4273 | G9: 545 | H9: 44944.789 | I9: 44944.792 | J9: 0.08 | K9: 32 | L9: E | M9: 7301 | N9: Curicó | O9: MT | R9: Falla Asociada a nivel de transmisión aguas arriba SSEE Curicó Y SSEE Teno, por falla en línea 154kv Itahue - Tinguiririca.
C10: 202300095 | D10: 8 | E10: 19 | F10: 9597 | G10: 72 | H10: 44944.789 | I10: 44944.792 | J10: 0.08 | K10: 32 | L10: E | M10: 7306 | N10: Romeral | O10: MT | R10: Falla Asociada a nivel de transmisión aguas arriba SSEE Curicó Y SSEE Teno, por falla en línea 154kv Itahue - Tinguiririca.
C11: 202301759 | D11: 8 | E11: 112 | F11: 7499 | G11: 1351 | H11: 45210.417 | I11: 45210.419 | J11: 0.05 | K11: 32 | L11: E | M11: 7301 | N11: Curicó | O11: MT | R11: Línea de 66 kV Teno - Curicó interrupción forzada por protecciones, se pierden con 20 MW de consumos afectados en las SS/EE Rauquén y barra norte de S/E Curicó. Causa informada: Se investiga. Según IF 2023004032.
C12: 202301759 | D12: 8 | E12: 218 | F12: 21501.5 | G12: 3040 | H12: 45210.417 | I12: 45210.419 | J12: 0.05 | K12: 32 | L12: E | M12: 7301 | N12: Curicó | O12: MT | R12: Línea de 66 kV Teno - Curicó interrupción forzada por protecciones, se pierden con 20 MW de consumos afectados en las SS/EE Rauquén y barra norte de S/E Curicó. Causa informada: Se investiga. Según IF 2023004032.
C13: 202301759 | D13: 8 | E13: 344 | F13: 20961 | G13: 3605 | H13: 45210.417 | I13: 45210.419 | J13: 0.05 | K13: 32 | L13: E | M13: 7301 | N13: Curicó | O13: MT | R13: Línea de 66 kV Teno - Curicó interrupción forzada por protecciones, se pierden con 20 MW de consumos afectados en las SS/EE Rauquén y barra norte de S/E Curicó. Causa informada: Se investiga. Según IF 2023004032.
C14: 202301759 | D14: 8 | E14: 37 | F14: 2219.5 | G14: 311 | H14: 45210.417 | I14: 45210.419 | J14: 0.05 | K14: 32 | L14: E | M14: 7304 | N14: Molina | O14: MT | R14: Línea de 66 kV Teno - Curicó interrupción forzada por protecciones, se pierden con 20 MW de consumos afectados en las SS/EE Rauquén y barra norte de S/E Curicó. Causa informada: Se investiga. Según IF 2023004032.
C15: 202301759 | D15: 8 | E15: 19 | F15: 9597 | G15: 73 | H15: 45210.417 | I15: 45210.419 | J15: 0.05 | K15: 32 | L15: E | M15: 7306 | N15: Romeral | O15: MT | R15: Línea de 66 kV Teno - Curicó interrupción forzada por protecciones, se pierden con 20 MW de consumos afectados en las SS/EE Rauquén y barra norte de S/E Curicó. Causa informada: Se investiga. Según IF 2023004032.
C16: 202400153 | D16: 8 | E16: 160 | F16: 9374 | G16: 1778 | H16: 45321.902 | I16: 45321.917 | J16: 0.38 | K16: 33 | L16: E | M16: 7301 | N16: Curicó | O16: MT | R16: 52c11 industrial operación producto de caída de arbol añoso dañando estructuras en MT km2 camino zapallar cu1134, estos arboles se encuentran en la calsada el frente por donde pasan lineas de CGE.-
C17: 202400153 | D17: 8 | E17: 4 | F17: 300 | G17: 42 | H17: 45321.902 | I17: 45322.069 | J17: 4.02 | K17: 33 | L17: E | M17: 7301 | N17: Curicó | O17: MT | R17: 52c11 industrial operación producto de caída de arbol añoso dañando estructuras en MT km2 camino zapallar cu1134, estos arboles se encuentran en la calsada el frente por donde pasan lineas de CGE.-
C18: 202400153 | D18: 8 | E18: 19 | F18: 9597 | G18: 73 | H18: 45321.902 | I18: 45321.917 | J18: 0.38 | K18: 33 | L18: E | M18: 7306 | N18: Romeral | O18: MT | R18: 52c11 industrial operación producto de caída de arbol añoso dañando estructuras en MT km2 camino zapallar cu1134, estos arboles se encuentran en la calsada el frente por donde pasan lineas de CGE.-
C19: 202400209 | D19: 8 | E19: 164 | F19: 9674 | G19: 1825 | H19: 45331.856 | I19: 45331.877 | J19: 0.5 | K19: 32 | L19: E | M19: 7301 | N19: Curicó | O19: MT | R19: Falla Externa a Redes CEC - Falla Transelec Falla en transformador n°4 de línea 154kva SS/EE Itahue
C20: 202400209 | D20: 8 | E20: 218 | F20: 21501.5 | G20: 3060 | H20: 45331.856 | I20: 45331.877 | J20: 0.5 | K20: 32 | L20: E | M20: 7301 | N20: Curicó | O20: MT | R20: Falla Externa a Redes CEC - Falla Transelec Falla en transformador n°4 de línea 154kva SS/EE Itahue
... C29: 202402052 | D29: 8 | E29: 19 | F29: 9607 | G29: 74 | H29: 45643.239 | I29: 45643.24 | J29: 0.02 | K29: 32 | L29: E | M29: 7306 | N29: Romeral | O29: MT | R29: Falla a Nivel de Transmisión
C30: 201800020 | D30: 8 | E30: 69 | F30: 12593 | G30: 503 | H30: 43141.236 | I30: 43141.339 | J30: 2.4666667 | K30: 1601 | L30: FM | M30: 7301 | N30: Curicó | O30: MT | P30: 296561.88 | Q30: 6125544.7 | R30: Se abre RCU5126
C31: 201800329 | D31: 8 | E31: 44 | F31: 1623 | G31: 428 | H31: 43318.768 | I31: 43318.837 | J31: 1.6438889 | K31: 1601 | L31: FM | M31: 7306 | N31: Romeral | O31: MT | P31: 299435.78 | Q31: 6126920.7 | R31: Se abre DCU1294
C32: 201800339 | D32: 8 | E32: 5 | F32: 108 | G32: 18 | H32: 43321.555 | I32: 43321.67 | J32: 2.7591667 | K32: 1601 | L32: FM | M32: 7301 | N32: Curicó | O32: MT | P32: 301314.86 | Q32: 6126387.1 | R32: Se abre DCU3820
C33: 201900978 | D33: 8 | E33: 14 | F33: 495 | G33: 56 | H33: 43665.376 | I33: 43665.61 | J33: 5.62 | K33: 15 | L33: FM | M33: 7301 | N33: Curicó | O33: MT | P33: 300376.1 | Q33: 6127473.8 | R33: DESCONEXION PROGRAMADA A SOLICITUD DE VIALIDAD POR ENSANCHAMIENTO DE CAMINO
C34: 201901583 | D34: 8 | E34: 28 | F34: 938 | G34: 315 | H34: 43819.086 | I34: 43819.153 | J34: 1.6 | K34: 20 | L34: FM | M34: 7301 | N34: Curicó | O34: MT | P34: 299667.66 | Q34: 6126982.5 | R34: dcu 1124 operado camión choca tirante se recorre línea sin novedad se reparan bastones operados quedando sector con servicio normal
C35: 202001628 | D35: 8 | E35: 15 | F35: 460 | G35: 106 | H35: 44163.695 | I35: 44163.785 | J35: 2.17 | K35: 20 | L35: FM | M35: 7301 | N35: Curicó | O35: MT | P35: 301127.11 | Q35: 6126357.4 | R35: EL Prado - Se realiza apertura de emergencia para realizar reparacion de poste quebrado, se modifica red Mt para normalizar.
C36: 202101528 | D36: 8 | E36: 18 | F36: 625 | G36: 123 | H36: 44456.255 | I36: 44456.477 | J36: 5.32 | K36: 20 | L36: FM | M36: 7301 | N36: Curicó | O36: MT | P36: 299669.08 | Q36: 6126996.9 | R36: Casas Viejas Los Cristales - opera fusible en media tension por choque de vehiculo a poste CU1395, se realiza reemplazo y posterior normalizacion del servicio electrico.
C37: 202101528 | D37: 8 | E37: 0 | F37: 0 | G37: 6 | H37: 44456.255 | I37: 44456.477 | J37: 5.32 | K37: 20 | L37: FM | M37: 7306 | N37: Romeral | O37: MT | P37: 299669.08 | Q37: 6126996.9 | R37: Casas Viejas Los Cristales - opera fusible en media tension por choque de vehiculo a poste CU1395, se realiza reemplazo y posterior normalizacion del servicio electrico.
C38: 202200049 | D38: 8 | E38: 1 | F38: 150 | G38: 94 | H38: 44570.177 | I38: 44570.509 | J38: 7.97 | K38: 20 | L38: FM | M38: 7301 | N38: Curicó | O38: MT | P38: 297526.01 | Q38: 6125558.5 | R38: Parque Zapallar. Opera fusible MT en DCU8109 por choque a poste CU8123. Se realiza labores de reemplazo de poste Chocado, quedando servicio normalizado.
C39: 202200212 | D39: 8 | E39: 5 | F39: 175 | G39: 128 | H39: 44603.267 | I39: 44603.312 | J39: 1.09 | K39: 20 | L39: FM | M39: 7301 | N39: Curicó | O39: MT | P39: 300980.29 | Q39: 6124124.3 | R39: Sector Villa Julian Lozano, DCU5837, 1FMT operado de 10 st por choque de camión a tirante del poste CU1577, se reemplazaron los 3 fusibles del arranque quedando sector normalizado.
C40: 202200239 | D40: 8 | E40: 88 | F40: 6183 | G40: 1035 | H40: 44611.055 | I40: 44611.093 | J40: 0.92 | K40: 20 | L40: FM | M40: 7301 | N40: Curicó | O40: MT | P40: 296665.52 | Q40: 6125604.7 | R40: Sector Zapallar reconectador de linea operado RCU5129 operacion producto de choque de poste en el CU-1163- se realiza reparacion quedando zona normalizada
C41: 202200239 | D41: 8 | E41: 63 | F41: 2306 | G41: 462 | H41: 44611.055 | I41: 44611.103 | J41: 1.17 | K41: 20 | L41: FM | M41: 7301 | N41: Curicó | O41: MT | P41: 296665.52 | Q41: 6125604.7 | R41: Sector Zapallar reconectador de linea operado RCU5129 operacion producto de choque de poste en el CU-1163- se realiza reparacion quedando zona normalizada
... C43: 202200239 | D43: 8 | E43: 19 | F43: 9597 | G43: 63 | H43: 44611.055 | I43: 44611.093 | J43: 0.92 | K43: 20 | L43: FM | M43: 7306 | N43: Romeral | O43: MT | P43: 296665.52 | Q43: 6125604.7 | R43: Sector Zapallar reconectador de linea operado RCU5129 operacion producto de choque de poste en el CU-1163- se realiza reparacion quedando zona normalizada
C44: 202300178 | D44: 8 | E44: 45 | F44: 1898 | G44: 376 | H44: 44957.853 | I44: 44957.88 | J44: 0.64 | K44: 20 | L44: FM | M44: 7301 | N44: Curicó | O44: MT | R44: Sector zapallar Apertura Rec zapallar RCU 5516 por choque de poste te9450 se realiza despeje de falla reparación quedando sector normalizado
C45: 202300178 | D45: 8 | E45: 9 | F45: 270 | G45: 79 | H45: 44957.853 | I45: 44957.972 | J45: 2.85 | K45: 20 | L45: FM | M45: 7301 | N45: Curicó | O45: MT | R45: Sector zapallar Apertura Rec zapallar RCU 5516 por choque de poste te9450 se realiza despeje de falla reparación quedando sector normalizado
C46: 202300721 | D46: 8 | E46: 93 | F46: 5133.5 | G46: 1216 | H46: 45076.929 | I46: 45076.938 | J46: 0.22 | K46: 20 | L46: FM | M46: 7301 | N46: Curicó | O46: MT | R46: RCU5129 opera reconectador Alabart por poste chocado en CU5133, se realiza traspaso de cargas en su totalidad a reconectador Ceropi RCU4431, quedando como límite de zona tripolar bajo carga CU5050.
C47: 202300721 | D47: 8 | E47: 72 | F47: 4423 | G47: 562 | H47: 45076.929 | I47: 45076.953 | J47: 0.59 | K47: 20 | L47: FM | M47: 7301 | N47: Curicó | O47: MT | R47: RCU5129 opera reconectador Alabart por poste chocado en CU5133, se realiza traspaso de cargas en su totalidad a reconectador Ceropi RCU4431, quedando como límite de zona tripolar bajo carga CU5050.
C48: 202300721 | D48: 8 | E48: 19 | F48: 9597 | G48: 74 | H48: 45076.929 | I48: 45076.953 | J48: 0.59 | K48: 20 | L48: FM | M48: 7306 | N48: Romeral | O48: MT | R48: RCU5129 opera reconectador Alabart por poste chocado en CU5133, se realiza traspaso de cargas en su totalidad a reconectador Ceropi RCU4431, quedando como límite de zona tripolar bajo carga CU5050.
C49: 202300762 | D49: 8 | E49: 68 | F49: 2623 | G49: 558 | H49: 45085.808 | I49: 45085.834 | J49: 0.64 | K49: 20 | L49: FM | M49: 7301 | N49: Curicó | O49: MT | R49: Sector Industrial operación de reconectador RCU5129, se realiza recorrido encontrando tirante chocado en CU 5507, en el sector no se encuentra vehículo.
C50: 202300762 | D50: 8 | E50: 4 | F50: 1800 | G50: 5 | H50: 45085.808 | I50: 45085.862 | J50: 1.31 | K50: 20 | L50: FM | M50: 7301 | N50: Curicó | O50: MT | R50: Sector Industrial operación de reconectador RCU5129, se realiza recorrido encontrando tirante chocado en CU 5507, en el sector no se encuentra vehículo.
C51: 202300762 | D51: 8 | E51: 4 | F51: 240 | G51: 59 | H51: 45085.808 | I51: 45085.834 | J51: 0.64 | K51: 20 | L51: FM | M51: 7306 | N51: Romeral | O51: MT | R51: Sector Industrial operación de reconectador RCU5129, se realiza recorrido encontrando tirante chocado en CU 5507, en el sector no se encuentra vehículo.
C52: 202300762 | D52: 8 | E52: 15 | F52: 9357 | G52: 15 | H52: 45085.808 | I52: 45085.862 | J52: 1.31 | K52: 20 | L52: FM | M52: 7306 | N52: Romeral | O52: MT | R52: Sector Industrial operación de reconectador RCU5129, se realiza recorrido encontrando tirante chocado en CU 5507, en el sector no se encuentra vehículo.
C53: 202301285 | D53: 8 | E53: 13 | F53: 480 | G53: 31 | H53: 45159.337 | I53: 45159.786 | J53: 10.77 | K53: 1 | L53: FM | M53: 7301 | N53: Curicó | O53: MT | R53: Sector Casas Viejas, DCU5794 operado por caída de arbol sobre LMT protegida, se realiza retiro de arbol quedando normalizado
C54: 202301285 | D54: 8 | E54: 6 | F54: 190 | G54: 96 | H54: 45159.355 | I54: 45159.37 | J54: 0.37 | K54: 1 | L54: FM | M54: 7301 | N54: Curicó | O54: MT | R54: Sector Casas Viejas, DCU5794 operado por caída de arbol sobre LMT protegida, se realiza retiro de arbol quedando normalizado
C55: 202301285 | D55: 8 | E55: 0 | F55: 0 | G55: 7 | H55: 45159.355 | I55: 45159.37 | J55: 0.37 | K55: 1 | L55: FM | M55: 7306 | N55: Romeral | O55: MT | R55: Sector Casas Viejas, DCU5794 operado por caída de arbol sobre LMT protegida, se realiza retiro de arbol quedando normalizado
... C71: 202500961 | D71: 8 | E71: 19 | F71: 9632 | G71: 75 | H71: 45870.385 | I71: 45870.401 | J71: 0.39 | K71: 20 | L71: FM | M71: 7306 | N71: Romeral | O71: MT | R71: RCU5129 Reconectador operado por choque de vehículo a poste N°5130, se reemplaza quedando con servicio normal.
C72: 201800002 | D72: 8 | E72: 2 | F72: 33 | G72: 3 | H72: 43106.813 | I72: 43106.861 | J72: 1.15 | K72: 1802 | L72: I | M72: 7301 | N72: Curicó | O72: MT | P72: 302667.64 | Q72: 6126660.1 | R72: Se abre DCU3836
C73: 201800015 | D73: 8 | E73: 24 | F73: 898 | G73: 308 | H73: 43129.818 | I73: 43129.851 | J73: 0.8 | K73: 1802 | L73: I | M73: 7301 | N73: Curicó | O73: MT | P73: 299739.17 | Q73: 6127049.9 | R73: Se abre DCU1124
C74: 201800025 | D74: 8 | E74: 2 | F74: 33 | G74: 3 | H74: 43144.651 | I74: 43144.705 | J74: 1.2833333 | K74: 1802 | L74: I | M74: 7301 | N74: Curicó | O74: MT | P74: 302690.26 | Q74: 6126390.5 | R74: Se abre DCU3836
C75: 201800048 | D75: 8 | E75: 24 | F75: 898 | G75: 308 | H75: 43159.578 | I75: 43159.629 | J75: 1.2166667 | K75: 2401 | L75: I | M75: 7301 | N75: Curicó | O75: MT | P75: 299739.17 | Q75: 6127049.9 | R75: Se abre DCU1124
C76: 201800129 | D76: 8 | E76: 5 | F76: 65 | G76: 70 | H76: 43196.783 | I76: 43196.827 | J76: 1.05 | K76: 2305 | L76: I | M76: 7301 | N76: Curicó | O76: MT | P76: 301212.2 | Q76: 6126400.7 | R76: Se abre DCU1454
C77: 201800141 | D77: 8 | E77: 5 | F77: 108 | G77: 18 | H77: 43201.723 | I77: 43201.753 | J77: 0.72805556 | K77: 1802 | L77: I | M77: 7301 | N77: Curicó | O77: MT | P77: 301314.86 | Q77: 6126387.1 | R77: Aviso de la actuacion de DCU3820 (Desconectadores Fusibles 3F MT (15 kV) Monopolar Intemperie Manual 3 vias 100 A).
C78: 201800151 | D78: 8 | E78: 1 | F78: 30 | G78: 7 | H78: 43210.555 | I78: 43210.601 | J78: 1.1097222 | K78: 2305 | L78: I | M78: 7301 | N78: Curicó | O78: MT | P78: 301869.56 | Q78: 6126398.1 | R78: Se abre FMT585
C79: 201800162 | D79: 8 | E79: 1 | F79: 25 | G79: 30 | H79: 43223.417 | I79: 43223.683 | J79: 6.3777778 | K79: 2607 | L79: I | M79: 7301 | N79: Curicó | O79: MT | P79: 301086.62 | Q79: 6126702.7 | R79: Se abre FMT595
C80: 201800234 | D80: 8 | E80: 14 | F80: 475 | G80: 50 | H80: 43260.555 | I80: 43260.635 | J80: 1.9177778 | K80: 1802 | L80: I | M80: 7301 | N80: Curicó | O80: MT | P80: 300401.97 | Q80: 6127594 | R80: Se abre DCU1444
C81: 201800237 | D81: 8 | E81: 44 | F81: 1623 | G81: 428 | H81: 43260.649 | I81: 43260.732 | J81: 1.9983333 | K81: 1802 | L81: I | M81: 7306 | N81: Romeral | O81: MT | P81: 299435.78 | Q81: 6126920.7 | R81: Se abre DCU1294
C82: 201800315 | D82: 8 | E82: 1 | F82: 25 | G82: 30 | H82: 43305.882 | I82: 43305.954 | J82: 1.7358333 | K82: 2305 | L82: I | M82: 7301 | N82: Curicó | O82: MT | P82: 301086.62 | Q82: 6126702.7 | R82: Se abre FMT595
C83: 201800341 | D83: 8 | E83: 5 | F83: 108 | G83: 18 | H83: 43321.762 | I83: 43321.782 | J83: 0.48111111 | K83: 2401 | L83: I | M83: 7301 | N83: Curicó | O83: MT | P83: 301314.86 | Q83: 6126387.1 | R83: Se abre DCU3820
... C147: 202202017 | D147: 8 | E147: 1 | F147: 75 | G147: 23 | H147: 44917.825 | I147: 44917.849 | J147: 0.57 | K147: 5 | L147: I | M147: 7306 | N147: Romeral | O147: MT | P147: 299326.63 | Q147: 6126814.5 | R147: Sector Los cristales opera DCU1294 1FMT 30t operado y DCU1124 1FMT 25t operado producto de caída de ramas en RED MT CU 4171, se despaja queda normalizado
C148: 202300568 | D148: 8 | E148: 0 | F148: 0 | G148: 33 | H148: 45048.831 | I148: 45048.884 | J148: 1.28 | K148: 26 | L148: I | M148: 7301 | N148: Curicó | O148: BT | R148: SED937 Zapallar, se encuentra fase 3 BT operada por sobrecarga, se reemplaza fusiblwe BT de 125A. a 200A. provisorio hasta realizar mejora definitiva.
C149: 202301269 | D149: 8 | E149: 4 | F149: 1800 | G149: 5 | H149: 45158.5 | I149: 45158.503 | J149: 0.09 | K149: 9 | L149: I | M149: 7301 | N149: Curicó | O149: MT | R149: Sector Industrial, DCU5084, DDFF operado por plástico que vuela hacia red MT provocando COCI. Se retira el plástico de la LMT y procede a realizar la normalización.
C150: 202301269 | D150: 8 | E150: 15 | F150: 9357 | G150: 15 | H150: 45158.5 | I150: 45158.503 | J150: 0.09 | K150: 9 | L150: I | M150: 7306 | N150: Romeral | O150: MT | R150: Sector Industrial, DCU5084, DDFF operado por plástico que vuela hacia red MT provocando COCI. Se retira el plástico de la LMT y procede a realizar la normalización.
C151: 202301752 | D151: 8 | E151: 4 | F151: 1800 | G151: 5 | H151: 45209.426 | I151: 45209.46 | J151: 0.82 | K151: 20 | L151: I | M151: 7301 | N151: Curicó | O151: MT | R151: RCU5084 operado por choque de vehículo a tirante MT en CU1021 que provoca cortocircuito en red de media tension.
C152: 202301752 | D152: 8 | E152: 15 | F152: 9357 | G152: 15 | H152: 45209.426 | I152: 45209.46 | J152: 0.82 | K152: 20 | L152: I | M152: 7306 | N152: Romeral | O152: MT | R152: RCU5084 operado por choque de vehículo a tirante MT en CU1021 que provoca cortocircuito en red de media tension.
C153: 202301799 | D153: 8 | E153: 23 | F153: 875 | G153: 183 | H153: 45225.419 | I153: 45225.588 | J153: 4.06 | K153: 24 | L153: I | M153: 7301 | N153: Curicó | O153: MT | R153: DCU7504 Los Cristales, Desconexión programada por el refuerzo asociado a PMGD Tarwi.
C154: 202301799 | D154: 8 | E154: 1 | F154: 75 | G154: 21 | H154: 45225.419 | I154: 45225.588 | J154: 4.06 | K154: 24 | L154: I | M154: 7306 | N154: Romeral | O154: MT | R154: DCU7504 Los Cristales, Desconexión programada por el refuerzo asociado a PMGD Tarwi.
C155: 202301846 | D155: 8 | E155: 0 | F155: 0 | G155: 16 | H155: 45227.843 | I155: 45227.869 | J155: 0.62 | K155: 5 | L155: I | M155: 7301 | N155: Curicó | O155: BT | R155: FMT de SED14 El Porvenir operado por caída de rama en CU3870, se despeja quedando con servicio normal.
C156: 202301898 | D156: 8 | E156: 40 | F156: 1633 | G156: 391 | H156: 45239.421 | I156: 45239.665 | J156: 5.87 | K156: 24 | L156: I | M156: 7301 | N156: Curicó | O156: MT | R156: Refuerzo Alimentador 52C8 Industrial - PMGD TARWI III AL Prot 300mm
C157: 202301938 | D157: 8 | E157: 9 | F157: 163 | G157: 24 | H157: 45240.607 | I157: 45240.633 | J157: 0.62 | K157: 5 | L157: I | M157: 7301 | N157: Curicó | O157: MT | R157: DCU3820 Los Cristales operado por ramas en servicio 11177, se despaja falla quedando con servicio normal.
C158: 202400009 | D158: 8 | E158: 5 | F158: 180 | G158: 31 | H158: 45294.322 | I158: 45294.383 | J158: 1.47 | K158: 5 | L158: I | M158: 7301 | N158: Curicó | O158: MT | R158: Sector El Porvenir, Se encuentra fusible MT operado en DCU3855 por ramas en cercanías a red MT en CU9039, se realiza despeje puntual quedando con servicio normal.
C159: 202400013 | D159: 8 | E159: 1 | F159: 75 | G159: 19 | H159: 45294.848 | I159: 45294.875 | J159: 0.65 | K159: 5 | L159: I | M159: 7301 | N159: Curicó | O159: MT | R159: Sector la Brizas de zapallar se identifica nogal topado red MT en cu4183, se esta despejando lo puntual. para normalizar. se realiza cambio de 3T a 5T y poda puntual
... C183: 202501265 | D183: 8 | E183: 23 | F183: 1060 | G183: 161 | H183: 45939.559 | I183: 45939.711 | J183: 3.64 | K183: 17 | L183: I | M183: 7301 | N183: Curicó | O183: MT | R183: Sector El Prado DCU-5575 Fusible de media tensión operado producto de corte de la red producto de hilo de volantín en CU1409

Sheet sist. queñes
C3: INC | D3: Alimentador | E3: Trafos afectados | F3: KVA | G3: Clientes | H3: Inicio | I3: Fin | J3: Duracion | K3: Causa | L3: Calificación | M3: Comuna id | N3: Comuna | O3: Tension | P3: X | Q3: Y | R3: Descripcion
C4: 202500241 | D4: 9 | E4: 28 | F4: 4860 | G4: 252 | H4: 45713.636 | I4: 45713.851 | J4: 5.17 | K4: 32 | L4: E | M4: 6303 | N4: Chimbarongo | O4: MT | R4: Se produce la ausencia de tensión causada por Perdida de suministro por una falla de Blackout de sistema. | AG4: tipo | AH4: cantidad de fallas | AI4: Horas de fallas
C5: 202500241 | D5: 9 | E5: 3 | F5: 105 | G5: 11 | H5: 45713.636 | I5: 45713.952 | J5: 7.58 | K5: 32 | L5: E | M5: 6303 | N5: Chimbarongo | O5: MT | R5: Se produce la ausencia de tensión causada por Perdida de suministro por una falla de Blackout de sistema. | AG5: interna | AH5: =COUNTA(L128:L419) -> 292 | AI5: =SUM(J128:J419) -> 708.49333
C6: 202000384 | D6: 9 | E6: 256 | F6: 16531.5 | G6: 2593 | H6: 43944.961 | I6: 43944.973 | J6: 0.28 | K6: 32 | L6: E | M6: 7301 | N6: Curicó | O6: MT | P6: 304246.84 | Q6: 6139485.9 | R6: Línea de 154 kV Teno - Empalme Teno interrupción forzada por protecciones. Se pierden 27 MW de consumos correspondientes a SS/EE Teno, Rauquén y Curicó barra norte. Causa informada: Conductor cortado fase inferior entre estructuras 10 y 11. | AG6: externa | AH6: =COUNTA(L4:L49) -> 46 | AI6: =SUM(J4:J49) -> 120.7
C7: 202000384 | D7: 9 | E7: 285 | F7: 24467.5 | G7: 3578 | H7: 43944.961 | I7: 43944.973 | J7: 0.28 | K7: 32 | L7: E | M7: 7301 | N7: Curicó | O7: MT | P7: 304246.84 | Q7: 6139485.9 | R7: Línea de 154 kV Teno - Empalme Teno interrupción forzada por protecciones. Se pierden 27 MW de consumos correspondientes a SS/EE Teno, Rauquén y Curicó barra norte. Causa informada: Conductor cortado fase inferior entre estructuras 10 y 11. | AG7: FM | AH7: =COUNTA(L50:L127) -> 78 | AI7: =SUM(J50:J127) -> 319.17833
C8: 202000384 | D8: 9 | E8: 59 | F8: 3471 | G8: 476 | H8: 43944.961 | I8: 43944.973 | J8: 0.28 | K8: 32 | L8: E | M8: 7301 | N8: Curicó | O8: MT | P8: 304246.84 | Q8: 6139485.9 | R8: Línea de 154 kV Teno - Empalme Teno interrupción forzada por protecciones. Se pierden 27 MW de consumos correspondientes a SS/EE Teno, Rauquén y Curicó barra norte. Causa informada: Conductor cortado fase inferior entre estructuras 10 y 11.
C9: 202500241 | D9: 9 | E9: 77 | F9: 4727.5 | G9: 615 | H9: 45713.636 | I9: 45713.921 | J9: 6.83 | K9: 32 | L9: E | M9: 7301 | N9: Curicó | O9: MT | R9: Se produce la ausencia de tensión causada por Perdida de suministro por una falla de Blackout de sistema.
C10: 202500241 | D10: 9 | E10: 225 | F10: 22620.5 | G10: 3159 | H10: 45713.636 | I10: 45713.921 | J10: 6.83 | K10: 32 | L10: E | M10: 7301 | N10: Curicó | O10: MT | R10: Se produce la ausencia de tensión causada por Perdida de suministro por una falla de Blackout de sistema.
C11: 202500241 | D11: 9 | E11: 300 | F11: 20263 | G11: 3384 | H11: 45713.636 | I11: 45713.956 | J11: 7.68 | K11: 32 | L11: E | M11: 7301 | N11: Curicó | O11: MT | R11: Se produce la ausencia de tensión causada por Perdida de suministro por una falla de Blackout de sistema.
C12: 202500241 | D12: 9 | E12: 95 | F12: 5487.5 | G12: 1293 | H12: 45713.636 | I12: 45713.921 | J12: 6.83 | K12: 32 | L12: E | M12: 7301 | N12: Curicó | O12: MT | R12: Se produce la ausencia de tensión causada por Perdida de suministro por una falla de Blackout de sistema.
C13: 202000384 | D13: 9 | E13: 35 | F13: 2164.5 | G13: 270 | H13: 43944.961 | I13: 43944.973 | J13: 0.28 | K13: 32 | L13: E | M13: 7304 | N13: Molina | O13: MT | P13: 304246.84 | Q13: 6139485.9 | R13: Línea de 154 kV Teno - Empalme Teno interrupción forzada por protecciones. Se pierden 27 MW de consumos correspondientes a SS/EE Teno, Rauquén y Curicó barra norte. Causa informada: Conductor cortado fase inferior entre estructuras 10 y 11.
C14: 202500241 | D14: 9 | E14: 37 | F14: 2224.5 | G14: 336 | H14: 45713.636 | I14: 45713.956 | J14: 7.68 | K14: 32 | L14: E | M14: 7304 | N14: Molina | O14: MT | R14: Se produce la ausencia de tensión causada por Perdida de suministro por una falla de Blackout de sistema.
C15: 202000384 | D15: 9 | E15: 25 | F15: 641 | G15: 392 | H15: 43944.961 | I15: 43945.012 | J15: 1.23 | K15: 32 | L15: E | M15: 7306 | N15: Romeral | O15: MT | P15: 304246.84 | Q15: 6139485.9 | R15: Línea de 154 kV Teno - Empalme Teno interrupción forzada por protecciones. Se pierden 27 MW de consumos correspondientes a SS/EE Teno, Rauquén y Curicó barra norte. Causa informada: Conductor cortado fase inferior entre estructuras 10 y 11.
C16: 202000384 | D16: 9 | E16: 18 | F16: 9297 | G16: 62 | H16: 43944.961 | I16: 43944.973 | J16: 0.28 | K16: 32 | L16: E | M16: 7306 | N16: Romeral | O16: MT | P16: 304246.84 | Q16: 6139485.9 | R16: Línea de 154 kV Teno - Empalme Teno interrupción forzada por protecciones. Se pierden 27 MW de consumos correspondientes a SS/EE Teno, Rauquén y Curicó barra norte. Causa informada: Conductor cortado fase inferior entre estructuras 10 y 11.
C17: 202000975 | D17: 9 | E17: 25 | F17: 641 | G17: 395 | H17: 44019.838 | I17: 44019.875 | J17: 0.9 | K17: 32 | L17: E | M17: 7306 | N17: Romeral | O17: MT | P17: 304246.84 | Q17: 6139485.9 | R17: S/E Teno- sin energia, falla aguas arriba de S/E Teno
C18: 202200365 | D18: 9 | E18: 27 | F18: 666 | G18: 404 | H18: 44631.66 | I18: 44631.662 | J18: 0.07 | K18: 32 | L18: E | M18: 7306 | N18: Romeral | O18: MT | P18: 304246.84 | Q18: 6139485.9 | R18: Falla Asociada a Subtransmisión SS/EE Curicó Y SS/EE Teno, sin energía por periodo de 5 minutos.
C19: 202201996 | D19: 9 | E19: 27 | F19: 666 | G19: 426 | H19: 44916.189 | I19: 44916.191 | J19: 0.06 | K19: 32 | L19: E | M19: 7306 | N19: Romeral | O19: MT | P19: 304246.84 | Q19: 6139485.9 | R19: Falla Asociada a nivel de transmisión aguas arriba SSEE Curicó Y SSEE Teno, por falla en línea 154kv Itahue - Tinguiririca de Transelec.
C20: 202300079 | D20: 9 | E20: 27 | F20: 666 | G20: 430 | H20: 44944.789 | I20: 44944.819 | J20: 0.72 | K20: 32 | L20: E | M20: 7306 | N20: Romeral | O20: MT | R20: Falla Asociada a nivel de transmisión aguas arriba SSEE Curicó Y SSEE Teno, por falla en línea 154kv Itahue - Tinguiririca.
C21: 202400210 | D21: 9 | E21: 27 | F21: 666 | G21: 443 | H21: 45331.856 | I21: 45331.878 | J21: 0.53 | K21: 32 | L21: E | M21: 7306 | N21: Romeral | O21: MT | R21: Falla Externa a Redes CEC - Falla Transelec Falla en transformador n°4 de línea 154kva SS/EE Itahue
C22: 202500198 | D22: 9 | E22: 27 | F22: 701 | G22: 455 | H22: 45703.633 | I22: 45703.637 | J22: 0.08 | K22: 32 | L22: E | M22: 7306 | N22: Romeral | O22: MT | R22: SSEE Teno, se produce la ausencia de tensión de la S/E Teno de provocando la suspensión del suministro de energía eléctrica causada Perdida de suministro por una falla por Operación automática del Cto N°2 Itahue – Tinguiririca de Transelec.
C23: 202500241 | D23: 9 | E23: 3 | F23: 205 | G23: 126 | H23: 45713.636 | I23: 45713.792 | J23: 3.74 | K23: 32 | L23: E | M23: 7306 | N23: Romeral | O23: MT | R23: Se produce la ausencia de tensión causada por Perdida de suministro por una falla de Blackout de sistema.
C24: 202500241 | D24: 9 | E24: 8 | F24: 265 | G24: 193 | H24: 45713.636 | I24: 45713.808 | J24: 4.13 | K24: 32 | L24: E | M24: 7306 | N24: Romeral | O24: MT | R24: Se produce la ausencia de tensión causada por Perdida de suministro por una falla de Blackout de sistema.
C25: 202500241 | D25: 9 | E25: 8 | F25: 120 | G25: 95 | H25: 45713.636 | I25: 45713.827 | J25: 4.59 | K25: 32 | L25: E | M25: 7306 | N25: Romeral | O25: MT | R25: Se produce la ausencia de tensión causada por Perdida de suministro por una falla de Blackout de sistema.
C26: 202500241 | D26: 9 | E26: 8 | F26: 111 | G26: 44 | H26: 45713.636 | I26: 45713.851 | J26: 5.17 | K26: 32 | L26: E | M26: 7306 | N26: Romeral | O26: MT | R26: Se produce la ausencia de tensión causada por Perdida de suministro por una falla de Blackout de sistema.
C27: 202500241 | D27: 9 | E27: 19 | F27: 9607 | G27: 74 | H27: 45713.636 | I27: 45713.921 | J27: 6.83 | K27: 32 | L27: E | M27: 7306 | N27: Romeral | O27: MT | R27: Se produce la ausencia de tensión causada por Perdida de suministro por una falla de Blackout de sistema.
C28: 202000384 | D28: 9 | E28: 268 | F28: 28950.5 | G28: 2636 | H28: 43944.961 | I28: 43945.012 | J28: 1.23 | K28: 32 | L28: E | M28: 7308 | N28: Teno | O28: MT | P28: 304246.84 | Q28: 6139485.9 | R28: Línea de 154 kV Teno - Empalme Teno interrupción forzada por protecciones. Se pierden 27 MW de consumos correspondientes a SS/EE Teno, Rauquén y Curicó barra norte. Causa informada: Conductor cortado fase inferior entre estructuras 10 y 11.
C29: 202000975 | D29: 9 | E29: 284 | F29: 33702.5 | G29: 2768 | H29: 44019.838 | I29: 44019.875 | J29: 0.9 | K29: 32 | L29: E | M29: 7308 | N29: Teno | O29: MT | P29: 304246.84 | Q29: 6139485.9 | R29: S/E Teno- sin energia, falla aguas arriba de S/E Teno
C30: 202200365 | D30: 9 | E30: 108 | F30: 15221.5 | G30: 1020 | H30: 44631.66 | I30: 44631.662 | J30: 0.07 | K30: 32 | L30: E | M30: 7308 | N30: Teno | O30: MT | P30: 304246.84 | Q30: 6139485.9 | R30: Falla Asociada a Subtransmisión SS/EE Curicó Y SS/EE Teno, sin energía por periodo de 5 minutos.
C31: 202201996 | D31: 9 | E31: 113 | F31: 16968.5 | G31: 1074 | H31: 44916.189 | I31: 44916.191 | J31: 0.06 | K31: 32 | L31: E | M31: 7308 | N31: Teno | O31: MT | P31: 304246.84 | Q31: 6139485.9 | R31: Falla Asociada a nivel de transmisión aguas arriba SSEE Curicó Y SSEE Teno, por falla en línea 154kv Itahue - Tinguiririca de Transelec.
C32: 202300079 | D32: 9 | E32: 113 | F32: 16968.5 | G32: 1081 | H32: 44944.789 | I32: 44944.819 | J32: 0.72 | K32: 32 | L32: E | M32: 7308 | N32: Teno | O32: MT | R32: Falla Asociada a nivel de transmisión aguas arriba SSEE Curicó Y SSEE Teno, por falla en línea 154kv Itahue - Tinguiririca.
C33: 202400210 | D33: 9 | E33: 117 | F33: 17258.5 | G33: 1135 | H33: 45331.856 | I33: 45331.878 | J33: 0.53 | K33: 32 | L33: E | M33: 7308 | N33: Teno | O33: MT | R33: Falla Externa a Redes CEC - Falla Transelec Falla en transformador n°4 de línea 154kva SS/EE Itahue
C34: 202400210 | D34: 9 | E34: 205 | F34: 18551 | G34: 2460 | H34: 45331.856 | I34: 45331.909 | J34: 1.27 | K34: 32 | L34: E | M34: 7308 | N34: Teno | O34: MT | R34: Falla Externa a Redes CEC - Falla Transelec Falla en transformador n°4 de línea 154kva SS/EE Itahue
C35: 202500198 | D35: 9 | E35: 120 | F35: 17462.5 | G35: 1178 | H35: 45703.633 | I35: 45703.637 | J35: 0.08 | K35: 32 | L35: E | M35: 7308 | N35: Teno | O35: MT | R35: SSEE Teno, se produce la ausencia de tensión de la S/E Teno de provocando la suspensión del suministro de energía eléctrica causada Perdida de suministro por una falla por Operación automática del Cto N°2 Itahue – Tinguiririca de Transelec.
C36: 202500198 | D36: 9 | E36: 212 | F36: 19884.5 | G36: 2570 | H36: 45703.633 | I36: 45703.637 | J36: 0.08 | K36: 32 | L36: E | M36: 7308 | N36: Teno | O36: MT | R36: SSEE Teno, se produce la ausencia de tensión de la S/E Teno de provocando la suspensión del suministro de energía eléctrica causada Perdida de suministro por una falla por Operación automática del Cto N°2 Itahue – Tinguiririca de Transelec.
C37: 202500241 | D37: 9 | E37: 0 | F37: 0 | G37: 22 | H37: 45713.636 | I37: 45713.808 | J37: 4.13 | K37: 32 | L37: E | M37: 7308 | N37: Teno | O37: MT | R37: Se produce la ausencia de tensión causada por Perdida de suministro por una falla de Blackout de sistema.
C38: 202500241 | D38: 9 | E38: 120 | F38: 17462.5 | G38: 1171 | H38: 45713.636 | I38: 45713.851 | J38: 5.17 | K38: 32 | L38: E | M38: 7308 | N38: Teno | O38: MT | R38: Se produce la ausencia de tensión causada por Perdida de suministro por una falla de Blackout de sistema.
C39: 202500241 | D39: 9 | E39: 82 | F39: 5275 | G39: 670 | H39: 45713.636 | I39: 45713.851 | J39: 5.17 | K39: 32 | L39: E | M39: 7308 | N39: Teno | O39: MT | R39: Se produce la ausencia de tensión causada por Perdida de suministro por una falla de Blackout de sistema.
C40: 202500241 | D40: 9 | E40: 212 | F40: 19884.5 | G40: 2579 | H40: 45713.636 | I40: 45713.851 | J40: 5.17 | K40: 32 | L40: E | M40: 7308 | N40: Teno | O40: MT | R40: Se produce la ausencia de tensión causada por Perdida de suministro por una falla de Blackout de sistema.
C41: 202500241 | D41: 9 | E41: 123 | F41: 15357.5 | G41: 972 | H41: 45713.636 | I41: 45713.952 | J41: 7.58 | K41: 32 | L41: E | M41: 7308 | N41: Teno | O41: MT | R41: Se produce la ausencia de tensión causada por Perdida de suministro por una falla de Blackout de sistema.
C42: 202000506 | D42: 9 | E42: 25 | F42: 641 | G42: 395 | H42: 43964.562 | I42: 43964.612 | J42: 1.19 | K42: 33 | L42: E | M42: 7306 | N42: Romeral | O42: MT | P42: 304246.84 | Q42: 6139485.9 | R42: Teno: Esta interrupción se produjo debido a líneas cortadas en Media Tensión de propiedad de la empresa CGE Distribución, causando daños en línea de MT perteneciente al alimentador Los Queñes de propiedad de CEC Ltda.
C43: 202000801 | D43: 9 | E43: 25 | F43: 641 | G43: 395 | H43: 43996.75 | I43: 43996.785 | J43: 0.83 | K43: 33 | L43: E | M43: 7306 | N43: Romeral | O43: MT | P43: 320325.24 | Q43: 6129429.9 | R43: Reconectador La Laguna, Operacion de reconectador de linea producto de aislador pasado en serviico particular en cta6866 fundo el barco
C44: 201900204 | D44: 9 | E44: 0 | F44: 0 | G44: 2 | H44: 43507.379 | I44: 43507.514 | J44: 3.23 | K44: 33 | L44: E | M44: 7308 | N44: Teno | O44: BT | P44: 315924.38 | Q44: 6134759.8 | R44: NH de 40 A operado en S/E 318, Se reemplazo FBT y se realizo el intento de Cierre, el cual fue exitoso normalizando asi el suministro eléctrico a las 12:20 hrs.
C45: 202000251 | D45: 9 | E45: 12 | F45: 450 | G45: 50 | H45: 43899.776 | I45: 43899.822 | J45: 1.1 | K45: 33 | L45: E | M45: 7308 | N45: Teno | O45: MT | P45: 313168.88 | Q45: 6135080.2 | R45: Santa Laura de Teno, Sector encontró sin energía por una tala de árboles una propiedad particular del servicio 12481 se cortan líneas y crucetas particulares, provocando operación de 3 fusibles desconectadores de Media Tensión de Propiedad CEC DTE-2246
C46: 202000506 | D46: 9 | E46: 270 | F46: 29055.5 | G46: 2643 | H46: 43964.562 | I46: 43964.612 | J46: 1.19 | K46: 33 | L46: E | M46: 7308 | N46: Teno | O46: MT | P46: 304246.84 | Q46: 6139485.9 | R46: Teno: Esta interrupción se produjo debido a líneas cortadas en Media Tensión de propiedad de la empresa CGE Distribución, causando daños en línea de MT perteneciente al alimentador Los Queñes de propiedad de CEC Ltda.
C47: 202000801 | D47: 9 | E47: 26 | F47: 661.5 | G47: 183 | H47: 43996.75 | I47: 43996.785 | J47: 0.83 | K47: 33 | L47: E | M47: 7308 | N47: Teno | O47: MT | P47: 320325.24 | Q47: 6129429.9 | R47: Reconectador La Laguna, Operacion de reconectador de linea producto de aislador pasado en serviico particular en cta6866 fundo el barco
C48: 202001087 | D48: 9 | E48: 160 | F48: 18381 | G48: 1681 | H48: 44039.6 | I48: 44039.61 | J48: 0.23 | K48: 33 | L48: E | M48: 7308 | N48: Teno | O48: MT | P48: 304576 | Q48: 6139232.6 | R48: Teno - Operacion de Reconectador cabecera RTE4577, producto de poste chocado en serviico particular CTA11654 Frigorifico Pravia
C49: 202100865 | D49: 9 | E49: 2 | F49: 55 | G49: 4 | H49: 44373.42 | I49: 44373.498 | J49: 1.89 | K49: 33 | L49: E | M49: 7308 | N49: Teno | O49: MT | P49: 305459.44 | Q49: 6136549.5 | R49: Domingo Mancillas - Se produjo una intermitencia en los equipos correspondientes a CEC, producto de lo anterior se informa una revisión el lugar encontrando la Empresa EISESA realizando poda en la zona y con una arranque de Cooperativa abierto y bloqueado, dejando un sector sin energía y con varios reclamos de clientes. Según la revisión del sector los trabajo correspondian a empresa CGE y por error de su personal realizan desconexión en las redes de propiedad de CEC Ltda.
C50: 202200021 | D50: 9 | E50: 11 | F50: 470 | G50: 305 | H50: 44566.69 | I50: 44566.716 | J50: 0.63 | K50: 3 | L50: FM | M50: 7306 | N50: Romeral | O50: MT | P50: 330041.07 | Q50: 6126286.1 | R50: Sector Los Maquis - Se detenta en Scada Operación de Reconectador de línea RTE7181 por incendio forestal en cerro del sector Los maquis de la comuna de Romeral, En la Zona se queman líneas de BT y MT en varios puntos entre los postes TE-4877 y TE-4894, se realiza puesta en servicio de un Equipo electrógeno del Sector los Queñes energizando gran parte de la Zona afectada, se realiza reparación de todas las estructuras dañadas quedando con energía restablecida.
C51: 202200021 | D51: 9 | E51: 1 | F51: 15 | G51: 27 | H51: 44566.69 | I51: 44566.81 | J51: 2.9 | K51: 3 | L51: FM | M51: 7306 | N51: Romeral | O51: MT | P51: 330041.07 | Q51: 6126286.1 | R51: Sector Los Maquis - Se detenta en Scada Operación de Reconectador de línea RTE7181 por incendio forestal en cerro del sector Los maquis de la comuna de Romeral, En la Zona se queman líneas de BT y MT en varios puntos entre los postes TE-4877 y TE-4894, se realiza puesta en servicio de un Equipo electrógeno del Sector los Queñes energizando gran parte de la Zona afectada, se realiza reparación de todas las estructuras dañadas quedando con energía restablecida.
C52: 202200021 | D52: 9 | E52: 1 | F52: 15 | G52: 23 | H52: 44566.69 | I52: 44566.873 | J52: 4.41 | K52: 3 | L52: FM | M52: 7306 | N52: Romeral | O52: MT | P52: 330041.07 | Q52: 6126286.1 | R52: Sector Los Maquis - Se detenta en Scada Operación de Reconectador de línea RTE7181 por incendio forestal en cerro del sector Los maquis de la comuna de Romeral, En la Zona se queman líneas de BT y MT en varios puntos entre los postes TE-4877 y TE-4894, se realiza puesta en servicio de un Equipo electrógeno del Sector los Queñes energizando gran parte de la Zona afectada, se realiza reparación de todas las estructuras dañadas quedando con energía restablecida.
C53: 202200021 | D53: 9 | E53: 6 | F53: 70 | G53: 20 | H53: 44566.69 | I53: 44567.553 | J53: 20.73 | K53: 3 | L53: FM | M53: 7306 | N53: Romeral | O53: MT | P53: 330041.07 | Q53: 6126286.1 | R53: Sector Los Maquis - Se detenta en Scada Operación de Reconectador de línea RTE7181 por incendio forestal en cerro del sector Los maquis de la comuna de Romeral, En la Zona se queman líneas de BT y MT en varios puntos entre los postes TE-4877 y TE-4894, se realiza puesta en servicio de un Equipo electrógeno del Sector los Queñes energizando gran parte de la Zona afectada, se realiza reparación de todas las estructuras dañadas quedando con energía restablecida.
C54: 202300317 | D54: 9 | E54: 27 | F54: 666 | G54: 429 | H54: 44987.188 | I54: 44987.223 | J54: 0.85 | K54: 3 | L54: FM | M54: 7306 | N54: Romeral | O54: MT | R54: Sector caletera poniente Km 172.5 Ruta 5 Sur producto de incendio en propiedad particular servicio 1773, se produce la operación de reconectador RTE5739 alimentador los queñes detectándose LMT cortadas y quemadas entre TE5759 y TE5764, se realiza cambio de conductor aproximadamente 250MTS 185mm
C55: 201901153 | D55: 9 | E55: 2 | F55: 575 | G55: 50 | H55: 43712.652 | I55: 43712.733 | J55: 1.94 | K55: 3 | L55: FM | M55: 7308 | N55: Teno | O55: MT | P55: 307466.61 | Q55: 6142383.4 | R55: dte3462 operan protecciones mt 20t, producto de líneas cortadas en te 6721 y 6722 , x quema de pastizales no autorizada 3ros , se repara y se normaliza quedando servicio normal en el sector
C56: 201901153 | D56: 9 | E56: 4 | F56: 170 | G56: 53 | H56: 43712.652 | I56: 43712.818 | J56: 3.98 | K56: 3 | L56: FM | M56: 7308 | N56: Teno | O56: MT | P56: 307466.61 | Q56: 6142383.4 | R56: dte3462 operan protecciones mt 20t, producto de líneas cortadas en te 6721 y 6722 , x quema de pastizales no autorizada 3ros , se repara y se normaliza quedando servicio normal en el sector
C57: 202200021 | D57: 9 | E57: 0 | F57: 0 | G57: 19 | H57: 44566.69 | I57: 44566.716 | J57: 0.63 | K57: 3 | L57: FM | M57: 7308 | N57: Teno | O57: MT | P57: 330041.07 | Q57: 6126286.1 | R57: Sector Los Maquis - Se detenta en Scada Operación de Reconectador de línea RTE7181 por incendio forestal en cerro del sector Los maquis de la comuna de Romeral, En la Zona se queman líneas de BT y MT en varios puntos entre los postes TE-4877 y TE-4894, se realiza puesta en servicio de un Equipo electrógeno del Sector los Queñes energizando gran parte de la Zona afectada, se realiza reparación de todas las estructuras dañadas quedando con energía restablecida.
